"Date","TrackID","RaceNumber","surfaceDescription","HorseName","ProgramNumber","PostPos","MLodds","JockeyFullName","trainerFullName"
"2021-07-01","BEL","1","Dirt","Awesome Alana"," 1 ","1","8-1","Luis Cardenas","Mitchell Friedman"
"2021-07-01","BEL","1","Dirt","Excess Capacity"," 2 ","2","1-1","Jose Lezcano","Linda Rice"
"2021-07-01","BEL","1","Dirt","Mongolian Humor"," 3 ","3","3-1","Manuel Franco","Randi Persaud"
"2021-07-01","BEL","1","Dirt","Persian Queen"," 4 ","4","8-1","Dylan Davis","A. Avila"
"2021-07-01","BEL","1","Dirt","Lovely Lady Lexi"," 5 ","5","5-2","Luis Saez","Bruce Brown"
"2021-07-01","BEL","2","Turf","Addicted to You"," 1 ","1","30-1","Jalon Samuel","Gary Sciacca"
"2021-07-01","BEL","2","Turf","On Mick's Day"," 2 ","2","15-1","Junior Alvarado","Mark Hennig"
"2021-07-01","BEL","2","Turf","Gateway Guardian"," 3 ","3","8-1","Irad Ortiz, Jr.","David Donk"
"2021-07-01","BEL","2","Turf","Voliero"," 4 ","4","5-2","Luis Saez","Michael Maker"
"2021-07-01","BEL","2","Turf","Sugar Plum King"," 5 ","5","20-1","Luis Cardenas","Gregory DiPrima"
"2021-07-01","BEL","2","Turf","Spiritual King"," 6 ","6","12-1","Carlos Hernandez","James Frangella, Jr."
"2021-07-01","BEL","2","Turf","Dreampoint"," 7 ","7","3-1","Jose Ortiz","Gary Sciacca"
"2021-07-01","BEL","2","Turf","Masked Marauder"," 8 ","8","7-2","Dylan Davis","Rob Atras"
"2021-07-01","BEL","2","Turf","Reunion Tour"," 9 ","9","8-1","Dylan Davis","James Ferraro"
"2021-07-01","BEL","2","Turf","Jack's Dream","10 ","10","8-1","Eric Cancel","George Weaver"
"2021-07-01","BEL","2","Turf","Lucky Brody","11 ","11","12-1"," Rider TBA","Orlando Noda"
"2021-07-01","BEL","2","Turf","Noble Conquest","12 ","12","12-1","Manuel Franco","Jorge Abreu"
"2021-07-01","BEL","2","Turf","Rush to Honor","13 ","13","5-2","Jose Lezcano","Linda Rice"
"2021-07-01","BEL","3","Dirt","Extra Effort"," 1 ","1","5-2","Omar Hernandez Moreno","Oscar Barrera, III"
"2021-07-01","BEL","3","Dirt","Tenderness"," 2 ","2","2-1","Jose Lezcano","Robert Klesaris"
"2021-07-01","BEL","3","Dirt","Sky Kitten"," 3 ","3","10-1","Luis Cardenas","Randi Persaud"
"2021-07-01","BEL","3","Dirt","Gentle Annie"," 4 ","4","10-1","Eric Cancel","Gary Sciacca"
"2021-07-01","BEL","3","Dirt","Happy Sophia"," 5 ","5","12-1","Jalon Samuel","Andrew Williams"
"2021-07-01","BEL","3","Dirt","Left Leaning Lucy"," 6 ","6","4-1","Manuel Franco","David Donk"
"2021-07-01","BEL","3","Dirt","Kerik"," 7 ","7","4-1","Irad Ortiz, Jr.","Orlando Noda"
"2021-07-01","BEL","4","Inner turf","Public Information"," 1 ","1","1-1","Irad Ortiz, Jr.","Chad Brown"
"2021-07-01","BEL","4","Inner turf","Amistad"," 2 ","2","4-1","Dylan Davis","Chris Englehart"
"2021-07-01","BEL","4","Inner turf","Jarreau"," 3 ","3","7-2","Jose Ortiz","H. Motion"
"2021-07-01","BEL","4","Inner turf","Breaking Stones"," 4 ","4","6-1"," Rider TBA","Patrick Reynolds"
"2021-07-01","BEL","4","Inner turf","Scotty"," 5 ","5","30-1","Hector Diaz, Jr.","Eduardo Jones"
"2021-07-01","BEL","4","Inner turf","More Like It"," 6 ","6","6-1","Luis Saez","Bruce Brown"
"2021-07-01","BEL","4","Inner turf","Bringing the Heat"," 7 ","7","20-1","Manuel Franco","John Stephens"
"2021-07-01","BEL","4","Inner turf","K. K. Ichikawa"," 8 ","8","6-1","Joel Rosario","Rudy Rodriguez"
"2021-07-01","BEL","4","Inner turf","Irish Giant"," 9 ","9","3-1","Jose Ortiz","Linda Rice"
"2021-07-01","BEL","4","Inner turf","Regality","10 ","10","7-5","Irad Ortiz, Jr.","Steven Asmussen"
"2021-07-01","BEL","5","Dirt","Helens Spirit"," 1 ","1","12-1","Dylan Davis","Amira Chichakly"
"2021-07-01","BEL","5","Dirt","Ready A. P."," 2 ","2","5-2","Luis Saez","Christophe Clement"
"2021-07-01","BEL","5","Dirt","Princessinparadise"," 3 ","3","2-1","Irad Ortiz, Jr.","Michael Maker"
"2021-07-01","BEL","5","Dirt","One Track Mine"," 4 ","4","6-1","Manuel Franco","David Donk"
"2021-07-01","BEL","5","Dirt","Sweet Sugar Baby"," 5 ","5","12-1","Andre Worrie","Jeffrey Englehart"
"2021-07-01","BEL","5","Dirt","Darn That Song"," 6 ","6","9-5","Ruben Silvera","Bruce Brown"
"2021-07-01","BEL","6","Turf","Exotic Cat","1  ","2","8-1","Ruben Silvera","John Pregman, Jr."
"2021-07-01","BEL","6","Turf","Synonymous","1A ","11","8-1","Ruben Silvera","John Pregman, Jr."
"2021-07-01","BEL","6","Turf","Little Nutter","2  ","1","8-1","Jose Lezcano","Robert Klesaris"
"2021-07-01","BEL","6","Turf","Mary Jane Chrome"," 3 ","3","6-1","Eric Cancel","Barclay Tagg"
"2021-07-01","BEL","6","Turf","Strong Point"," 4 ","4","5-2"," Rider TBA","John Terranova II"
"2021-07-01","BEL","6","Turf","Superbloodwolfmoon"," 5 ","5","8-1","Luis Cardenas","Richard Metivier"
"2021-07-01","BEL","6","Turf","Adele Kat"," 6 ","6","3-1","Jose Ortiz","James Ryerson"
"2021-07-01","BEL","6","Turf","Know How (GB)"," 7 ","7","7-2","Luis Saez","Mark Casse"
"2021-07-01","BEL","6","Turf","Evidence Based"," 8 ","8","2-1","Manuel Franco","Chad Brown"
"2021-07-01","BEL","6","Turf","Thismightbetheone"," 9 ","9","20-1","Luis Cardenas","Keith O'Brien"
"2021-07-01","BEL","6","Turf","Soupster","10 ","10","15-1","Heman Harkie","John Kimmel"
"2021-07-01","BEL","7","Dirt","Strolling","1  ","1","15-1","Omar Hernandez Moreno","Oscar Barrera, III"
"2021-07-01","BEL","7","Dirt","The Sicarii","1A ","3","15-1","Luis Cardenas","Oscar Barrera, III"
"2021-07-01","BEL","7","Dirt","Mi Tres Por Ciento (CHI)"," 2 ","2","7-2","Benjamin Hernandez","Mertkan Kantarmaci"
"2021-07-01","BEL","7","Dirt","Musical America","3  ","4","8-1","Joel Rosario","Charlton Baker"
"2021-07-01","BEL","7","Dirt","Happy Farm","4  ","5","9-5","Irad Ortiz, Jr.","Rob Atras"
"2021-07-01","BEL","7","Dirt","Clench","5  ","6","5-1","Manuel Franco","Rudy Rodriguez"
"2021-07-01","BEL","7","Dirt","Town Classic","6  ","7","2-1","Jose Ortiz","Saffie Joseph, Jr."
"2021-07-01","BEL","7","Dirt","American Rule","7  ","8","50-1","Heman Harkie","Peter Tournas"
"2021-07-01","BEL","8","Inner turf","Chasing Cara","1  ","8","15-1","Dylan Davis","Mitchell Friedman"
"2021-07-01","BEL","8","Inner turf","Caramocha","1A ","12","15-1"," Rider TBA","Mitchell Friedman"
"2021-07-01","BEL","8","Inner turf","Electric Youth","2  ","1","12-1","John Velazquez","John Kimmel"
"2021-07-01","BEL","8","Inner turf","Pandamom","3  ","2","3-1","Irad Ortiz, Jr.","Christophe Clement"
"2021-07-01","BEL","8","Inner turf","Spungie","4  ","3","1-1","Joel Rosario","William Mott"
"2021-07-01","BEL","8","Inner turf","Pure Bode","5  ","4","6-1","Jose Lezcano","Mark Hennig"
"2021-07-01","BEL","8","Inner turf","Sweeter","6  ","5","12-1","Joel Rosario","Edward Barker"
"2021-07-01","BEL","8","Inner turf","Ok Honey","7  ","6","7-2"," Rider TBA","Gregory DiPrima"
"2021-07-01","BEL","8","Inner turf","Emma and I","8  ","7","12-1","Manuel Franco","James Ryerson"
"2021-07-01","BEL","8","Inner turf","Big Al's Gal"," 9 ","9","5-1","Jose Ortiz","Chris Englehart"
"2021-07-01","BEL","8","Inner turf","Ifihadachance","10 ","10","8-1"," Rider TBA","Robert Falcone, Jr."
"2021-07-01","BEL","8","Inner turf","Pay Grade","11 ","11","3-1"," Rider TBA","Christophe Clement"
"2021-07-01","BEL","9","Turf","Hilliard"," 1 ","1","10-1","Dylan Davis","Philip Gleaves"
"2021-07-01","BEL","9","Turf","Inspiration Point"," 2 ","2","5-2","Jose Ortiz","Todd Pletcher"
"2021-07-01","BEL","9","Turf","Centurion"," 3 ","3","9-2","Eric Cancel","James Jerkens"
"2021-07-01","BEL","9","Turf","Declareatruce"," 4 ","4","5-1","Junior Alvarado","Thomas Bush"
"2021-07-01","BEL","9","Turf","Islandman"," 5 ","5","30-1","Jalon Samuel","Andrew Williams"
"2021-07-01","BEL","9","Turf","Bail Out"," 6 ","6","4-1","Luis Saez","Jeffrey Englehart"
"2021-07-01","BEL","9","Turf","Prince of Caps"," 7 ","7","8-1","Manuel Franco","Michelle Nevin"
"2021-07-01","BEL","9","Turf","Romantic Man"," 8 ","8","20-1","Joel Rosario","Michelle Nevin"
"2021-07-01","BEL","9","Turf","Value Chain"," 9 ","9","8-1","Irad Ortiz, Jr.","Leah Gyarmati"
"2021-07-01","BEL","9","Turf","Jedrek","10 ","10","20-1","Jose Lezcano","Nicholas Zito"
"2021-07-01","BTP","1","Dirt","Improbable Story"," 1 ","1","4-1","Sonny Leon","David Rider"
"2021-07-01","BTP","1","Dirt","Hugh B."," 2 ","2","5-1","Frank Reyes","James Judd"
"2021-07-01","BTP","1","Dirt","Call West"," 3 ","3","10-1","Kevin Jimenez","Carmino Nocero"
"2021-07-01","BTP","1","Dirt","Get Tough"," 4 ","4","6-1","Rogelio Miranda","Dana Ollier"
"2021-07-01","BTP","1","Dirt","Here's Carlos"," 5 ","5","9-5","Luis Batista","Edwin Vizcarrondo"
"2021-07-01","BTP","1","Dirt","Summerduck"," 6 ","6","3-1","Rafael Mojica, Jr.","James Spicer"
"2021-07-01","BTP","2","Turf","Guilder"," 1 ","1","7-2","Perry Ouzts","Larry Smith"
"2021-07-01","BTP","2","Turf","Sequaya"," 2 ","2","8-1","Sonny Leon","Brian Cook"
"2021-07-01","BTP","2","Turf","Miss Oxbow"," 3 ","3","12-1","Hector Rosario, Jr.","Robert Cline"
"2021-07-01","BTP","2","Turf","Class Riot"," 4 ","4","4-1","Santiago Gonzalez","Jamie Grubbs"
"2021-07-01","BTP","2","Turf","Cattaleya Ronith"," 5 ","5","5-2","Frank Reyes","Timothy Hamm"
"2021-07-01","BTP","2","Turf","Ancient Brown"," 6 ","6","15-1","John McKee","Norman Cash"
"2021-07-01","BTP","2","Turf","Oxbow's Ruby"," 7 ","7","15-1","Rogelio Miranda","Karyn Wittek"
"2021-07-01","BTP","2","Turf","Sunday Express"," 8 ","8","12-1","Gregory Romero","Teresa Connelly"
"2021-07-01","BTP","2","Turf","Seaward"," 9 ","9","9-2","Rolando Aragon","Michael Evans II"
"2021-07-01","BTP","3","Dirt","S S Smarty"," 1 ","1","12-1","Rogelio Miranda","Michael Sullivan"
"2021-07-01","BTP","3","Dirt","Tactical Landing"," 2 ","2","9-2","Azael De Leon","Michael Sullivan"
"2021-07-01","BTP","3","Dirt","Terrible Towel"," 3 ","3","4-1","Ronney Betancourt","Edward Fernandez"
"2021-07-01","BTP","3","Dirt","New York Night"," 4 ","4","10-1","Gregory Romero","Amalio Garcia"
"2021-07-01","BTP","3","Dirt","Holiday Dancer"," 5 ","5","6-1","John McKee","William March"
"2021-07-01","BTP","3","Dirt","Machine Gunner"," 6 ","6","5-2","Rafael Mojica, Jr.","Philip Sims"
"2021-07-01","BTP","3","Dirt","Datza Five Oh"," 7 ","7","7-2","Thiago Canuto","Judy Woodbury"
"2021-07-01","BTP","4","Dirt","Late for Taps"," 1 ","1","20-1","Javier Padron-Barcenas","Michael Ewing"
"2021-07-01","BTP","4","Dirt","Khozys Crown"," 2 ","2","15-1","Sonny Leon","Dana Ollier"
"2021-07-01","BTP","4","Dirt","Birra"," 3 ","3","8-1","Frank Reyes","J. McGaughey"
"2021-07-01","BTP","4","Dirt","Classic Tale Saver"," 4 ","4","6-1","Rafael Mojica, Jr.","D. Ackerman"
"2021-07-01","BTP","4","Dirt","Teller to Sing"," 5 ","5","7-2","Santiago Gonzalez","Claude Brownfield, III"
"2021-07-01","BTP","4","Dirt","Easy Silence"," 6 ","6","9-2","Luis Batista","Cipriano Contreras"
"2021-07-01","BTP","4","Dirt","Natalies Charm"," 7 ","7","2-1","John McKee","Thomas Drury, Jr."
"2021-07-01","BTP","4","Dirt","Out of Pocket"," 8 ","8","5-1","Isaias Ayala","Caryn Vecchio"
"2021-07-01","BTP","5","Turf","Concordsdifference"," 1 ","1","20-1","Hector Rosario, Jr.","Juan Aguirre"
"2021-07-01","BTP","5","Turf","Just Fine by Me"," 2 ","2","15-1","John McKee","Cheryl Shifflett"
"2021-07-01","BTP","5","Turf","Darlene Strong"," 3 ","3","7-2","Sonny Leon","Matt Shirer"
"2021-07-01","BTP","5","Turf","Redhot Katie"," 4 ","4","12-1","Rafael Mojica, Jr.","John Cannon"
"2021-07-01","BTP","5","Turf","Picasso Collection"," 5 ","5","5-2","Santiago Gonzalez","Paulo Lobo"
"2021-07-01","BTP","5","Turf","Sunday Scheming"," 6 ","6","5-1","Azael De Leon","Ethan West"
"2021-07-01","BTP","5","Turf","Somewhere Golden"," 7 ","7","10-1","Gregory Romero","Susan Anderson"
"2021-07-01","BTP","5","Turf","Miss Moon Pie"," 8 ","8","6-1","Frank Reyes","Rowena Beck"
"2021-07-01","BTP","5","Turf","Willyoubemine"," 9 ","9","9-2","Rogelio Miranda","Douglas Danner"
"2021-07-01","BTP","6","Dirt","Storybook Farm"," 1 ","1","8-1","Santiago Gonzalez","Rowena Beck"
"2021-07-01","BTP","6","Dirt","Two More Times"," 2 ","2","15-1","Rafael Mojica, Jr.","Duane Wells"
"2021-07-01","BTP","6","Dirt","Miriana's Queen"," 3 ","3","20-1","Luis Medina","Enrique Calderon"
"2021-07-01","BTP","6","Dirt","Cruzin Tatum"," 4 ","4","7-2","Agustin Gomez","Cirilo Gorostieta"
"2021-07-01","BTP","6","Dirt","Momma Cribbed"," 5 ","5","6-1","Perry Ouzts","William Edwards"
"2021-07-01","BTP","6","Dirt","Miss Apple Pie"," 6 ","6","4-1","Sonny Leon","Vernon Coyle"
"2021-07-01","BTP","6","Dirt","Equally Even"," 7 ","7","15-1","Rogelio Miranda","Duane Wells"
"2021-07-01","BTP","6","Dirt","Granite Candy"," 8 ","8","5-2","Luis Batista","Jesus Esquivel"
"2021-07-01","BTP","6","Dirt","Trees Thunder"," 9 ","9","8-1","Frank Reyes","Richard Estvanko"
"2021-07-01","BTP","7","Dirt","Easy Doer"," 1 ","1","5-2","Perry Ouzts","Robert Sturgeon"
"2021-07-01","BTP","7","Dirt","Come On Venezuela"," 2 ","2","8-1","Azael De Leon","Elis Roque"
"2021-07-01","BTP","7","Dirt","Father Dennis"," 3 ","3","7-2","John McKee","T. Haehn"
"2021-07-01","BTP","7","Dirt","Christians City"," 4 ","4","3-1","Luis Medina","Edward Fernandez"
"2021-07-01","BTP","7","Dirt","Tuf Intensity"," 5 ","5","8-1","Sonny Leon","R. Patrick"
"2021-07-01","BTP","7","Dirt","Crown to the Gold"," 6 ","6","20-1","Ronney Betancourt","Enrique Calderon"
"2021-07-01","BTP","7","Dirt","Hondo Gusto"," 7 ","7","20-1","Rogelio Miranda","Elis Roque"
"2021-07-01","BTP","7","Dirt","St Joe Viper"," 8 ","8","4-1","Gregory Romero","Teresa Connelly"
"2021-07-01","BTP","8","Turf","Jane's Gold Tour"," 1 ","1","8-1","Rogelio Miranda","Brian Cook"
"2021-07-01","BTP","8","Turf","Xingfu"," 2 ","2","15-1","Agustin Gomez","Cirilo Gorostieta"
"2021-07-01","BTP","8","Turf","Patsy's Big Girl"," 3 ","3","7-2","Frank Reyes","Timothy Hamm"
"2021-07-01","BTP","8","Turf","Thunder Buggy"," 4 ","4","5-2","Santiago Gonzalez","William Morey"
"2021-07-01","BTP","8","Turf","Crowella"," 5 ","5","12-1","Gregory Romero","Marco Castaneda"
"2021-07-01","BTP","8","Turf","Lady Creed"," 6 ","6","15-1","Geena Lucille","Karyn Wittek"
"2021-07-01","BTP","8","Turf","Vow Saver"," 7 ","7","9-2","Perry Ouzts","Sergio Baez"
"2021-07-01","BTP","8","Turf","Magestal Bastida"," 8 ","8","5-1","Oriel Chavez","Hugo Andrade"
"2021-07-01","BTP","8","Turf","Galit Jak"," 9 ","9","10-1","John McKee","William March"
"2021-07-01","CBY","1","Turf","Golden Eyed Queen"," 1 ","1","6-1","Roimes Chirinos","Valorie Lund"
"2021-07-01","CBY","1","Turf","Flatteringapplause"," 2 ","2","5-2","Alonso Quinonez","Eric Heitzmann"
"2021-07-01","CBY","1","Turf","Danzig Star"," 3 ","3","12-1","Ry Eikleberry","Nevada Litfin"
"2021-07-01","CBY","1","Turf","Fortheloveoflydia"," 4 ","4","2-1","Alex Canchari","McLean Robertson"
"2021-07-01","CBY","1","Turf","Peak of Chic"," 5 ","5","4-1","Lindey Wade","McLean Robertson"
"2021-07-01","CBY","1","Turf","Latte Dolce"," 6 ","6","9-2","Luis Negron","Eric Heitzmann"
"2021-07-01","CBY","2","Dirt","Satin Finish"," 1 ","1","9-2","Ruben Fuentes","Francisco Bravo"
"2021-07-01","CBY","2","Dirt","Tiz Tenacious"," 2 ","2","3-1","Alfredo Juarez, Jr.","Bennie Woolley, Jr."
"2021-07-01","CBY","2","Dirt","Jakealina"," 3 ","3","15-1","Roimes Chirinos","Michael Bolinger"
"2021-07-01","CBY","2","Dirt","Ultra Cordial"," 4 ","4","10-1","Alonso Quinonez","Ronald Westermann"
"2021-07-01","CBY","2","Dirt","I'm Bossy"," 5 ","5","4-1","Ry Eikleberry","Oscar Flores"
"2021-07-01","CBY","2","Dirt","Cynical Girl"," 6 ","6","9-5","Alex Canchari","McLean Robertson"
"2021-07-01","CBY","2","Dirt","Shes Got It"," 7 ","7","8-1","Leslie Mawing","Bruce Riecken"
"2021-07-01","CBY","3","Turf","Danceronthebeach"," 1 ","1","2-1","Alonso Quinonez","Tim Padilla"
"2021-07-01","CBY","3","Turf","Always Cool"," 2 ","2","3-1","Quincy Hamilton","Joel Berndt"
"2021-07-01","CBY","3","Turf","Trade Deadline"," 3 ","3","4-1","Alex Canchari","McLean Robertson"
"2021-07-01","CBY","3","Turf","Warriors Hero"," 4 ","4","5-1","Luis Fuentes","M. Pierce"
"2021-07-01","CBY","3","Turf","Big Falcon Rocket"," 5 ","5","9-2","Luis Valenzuela","Miguel Silva"
"2021-07-01","CBY","3","Turf","D C Hero"," 6 ","6","8-1","Roimes Chirinos","Clinton Stuart"
"2021-07-01","CBY","4","Dirt","Kissalot"," 1 ","1","5-2","Alonso Quinonez","Eric Heitzmann"
"2021-07-01","CBY","4","Dirt","Turnsandconditions"," 2 ","2","5-1","Luis Negron","Oscar Flores"
"2021-07-01","CBY","4","Dirt","Citrus Bay"," 3 ","3","15-1","Miguel Arroyo","Santiago Tranquilino"
"2021-07-01","CBY","4","Dirt","Hoya Paranoya"," 4 ","4","10-1","Dean Butler","Ty Garrett"
"2021-07-01","CBY","4","Dirt","Basalt Street"," 5 ","5","9-2","Quincy Hamilton","Gary Scherer"
"2021-07-01","CBY","4","Dirt","Thirsty Kiss"," 6 ","6","12-1","Luis Fuentes","Esteban Martinez"
"2021-07-01","CBY","4","Dirt","Willworkforfood"," 7 ","7","12-1","Leslie Mawing","Sandra Sweere"
"2021-07-01","CBY","4","Dirt","Cause I'm Leavin"," 8 ","8","4-1","Alfredo Juarez, Jr.","Wade Rarick"
"2021-07-01","CBY","4","Dirt","Pepper Spray"," 9 ","9","6-1","Luis Valenzuela","Edward Kereluk"
"2021-07-01","CBY","5","Dirt","Deputy Law"," 1 ","1","6-1","Lindey Wade","Michael Biehler"
"2021-07-01","CBY","5","Dirt","Holdentight"," 2 ","2","10-1","Luis Fuentes","Troy Bethke"
"2021-07-01","CBY","5","Dirt","Honey's Cowboy Sox"," 3 ","3","9-2","Leslie Mawing","Bernell Rhone"
"2021-07-01","CBY","5","Dirt","Johnny Up"," 4 ","4","3-1","Roimes Chirinos","McLean Robertson"
"2021-07-01","CBY","5","Dirt","Ruby's Red Devil"," 5 ","5","8-1","Alonso Quinonez","Michael Biehler"
"2021-07-01","CBY","5","Dirt","Jeromieo"," 6 ","6","20-1","Jose Vega","Bruce Riecken"
"2021-07-01","CBY","5","Dirt","Sahm Tequila"," 7 ","7","12-1","Luis Valenzuela","Nevada Litfin"
"2021-07-01","CBY","5","Dirt","Getcha"," 8 ","8","5-2","Quincy Hamilton","Joel Berndt"
"2021-07-01","CBY","5","Dirt","J J's Wildcat"," 9 ","9","12-1","Kelsi Harr","Frank McKinley"
"2021-07-01","CBY","6","Turf","Everybody Does It"," 1 ","1","5-2","Ry Eikleberry","Coty Rosin"
"2021-07-01","CBY","6","Turf","Silvera"," 2 ","2","12-1","Israel Hernandez","Kevin Danger"
"2021-07-01","CBY","6","Turf","Get One More"," 3 ","3","10-1","Miguel Arroyo","Tony Rengstorf"
"2021-07-01","CBY","6","Turf","Dusty Princess"," 4 ","4","8-1","Leslie Mawing","Tim Anderson"
"2021-07-01","CBY","6","Turf","McGoldie"," 5 ","5","12-1","Alfredo Juarez, Jr.","Bennie Woolley, Jr."
"2021-07-01","CBY","6","Turf","North of Eden"," 6 ","6","7-2","Ruben Fuentes","Dick Cappellucci"
"2021-07-01","CBY","6","Turf","Tequila Mary"," 7 ","7","6-1","Lindey Wade","M. Pierce"
"2021-07-01","CBY","6","Turf","Friendly and Kind"," 8 ","8","9-2","Luis Negron","Larry Donlin, Jr."
"2021-07-01","CBY","6","Turf","Sattersfield"," 9 ","9","10-1","Chad Lindsay","F. Loy"
"2021-07-01","CBY","7","Dirt","Warrior Boss"," 1 ","1","6-1","Leslie Mawing","Larry Sterling, Jr."
"2021-07-01","CBY","7","Dirt","Sorriso"," 2 ","2","3-1","Luis Valenzuela","Jose Silva, Jr."
"2021-07-01","CBY","7","Dirt","Flash of Promise"," 3 ","3","4-1","Lindey Wade","Robertino Diodoro"
"2021-07-01","CBY","7","Dirt","Two the Punch"," 4 ","4","5-1","Dean Butler","Lynn Rarick"
"2021-07-01","CBY","7","Dirt","Big League Benny"," 5 ","5","5-2","Alonso Quinonez","Robertino Diodoro"
"2021-07-01","CBY","7","Dirt","Sedaris"," 6 ","6","8-1","Luis Negron","Oscar Flores"
"2021-07-01","CBY","7","Dirt","Got Even Smarter"," 7 ","7","8-1","Ry Eikleberry","Oscar Flores"
"2021-07-01","CBY","8","Turf","Im a Cowboy Too"," 1 ","1","8-1","Lindey Wade","Gary Scherer"
"2021-07-01","CBY","8","Turf","Kokokomo"," 2 ","2","4-1","Luis Negron","Oscar Flores"
"2021-07-01","CBY","8","Turf","Two by Two"," 3 ","3","9-2","Alonso Quinonez","Tony Rengstorf"
"2021-07-01","CBY","8","Turf","Mithqaal"," 4 ","4","5-1","Ruben Fuentes","Dick Cappellucci"
"2021-07-01","CBY","8","Turf","Skippy's Strike"," 5 ","5","2-1","Dean Butler","Kerri Raven"
"2021-07-01","CBY","8","Turf","Shakes Creek"," 6 ","6","3-1","Ry Eikleberry","Karl Broberg"
"2021-07-01","CT","1","Dirt","Bearcat Kitten"," 1 ","1","20-1","Jerry Villegas","Rhea Pennella"
"2021-07-01","CT","1","Dirt","Bourbon Street"," 2 ","2","3-1","Gerald Almodovar","Jamey Johnson"
"2021-07-01","CT","1","Dirt","Flat Rate"," 3 ","3","8-1","Luis Batista","Michael Jones, Jr."
"2021-07-01","CT","1","Dirt","Alltheway to Cairo"," 4 ","4","3-5","Reshawn Latchman","Niall Saville"
"2021-07-01","CT","1","Dirt","My Time in Court"," 5 ","5","6-1","Darius Thorpe","John McKee"
"2021-07-01","CT","1","Dirt","Blue Danube"," 6 ","6","10-1","J. Acosta","Jose Corrales"
"2021-07-01","CT","2","Dirt","Soul Machen"," 1 ","1","12-1","Jerry Villegas","Rhea Pennella"
"2021-07-01","CT","2","Dirt","Fluent in Sarcasm"," 2 ","2","10-1","Christian Hiraldo","Ronney Brown"
"2021-07-01","CT","2","Dirt","Benny Chang"," 3 ","3","5-2","Gerald Almodovar","Kevin Patterson"
"2021-07-01","CT","2","Dirt","Zaino Boyz"," 4 ","4","2-1","Darius Thorpe","Billy Davis"
"2021-07-01","CT","2","Dirt","Natty Beau"," 5 ","5","4-1","Wesley Ho","Ronney Brown"
"2021-07-01","CT","2","Dirt","Big Hambone"," 6 ","6","3-1","J. Acosta","John Salzman, Jr."
"2021-07-01","CT","3","Dirt","Eisele"," 1 ","1","9-2","Keimar Trotman","Michael Weeks"
"2021-07-01","CT","3","Dirt","Pistol P"," 2 ","2","5-1","Reshawn Latchman","James Casey"
"2021-07-01","CT","3","Dirt","Choco Roco"," 3 ","3","10-1","Arnaldo Bocachica","Jeff Runco"
"2021-07-01","CT","3","Dirt","Deputy James"," 4 ","4","15-1","Jan Batista","Janice Groves"
"2021-07-01","CT","3","Dirt","Let's Get Physical"," 5 ","5","8-5","Denis Araujo","David Walters"
"2021-07-01","CT","3","Dirt","Executive Prize"," 6 ","6","15-1","Luis Batista","Jennifer Johnson"
"2021-07-01","CT","3","Dirt","Ponticello"," 7 ","7","3-1","Christian Hiraldo","Raimondo Schiano-Dicola"
"2021-07-01","CT","3","Dirt","Henry Standingbear"," 8 ","8","12-1","Gustavo Larrosa","Nelsi Roman-Salon"
"2021-07-01","CT","4","Dirt","Alpine Moon"," 1 ","1","5-2","Keimar Trotman","Russell Davis"
"2021-07-01","CT","4","Dirt","Country Magic"," 2 ","2","4-1","Gustavo Larrosa","Michael Sandoval"
"2021-07-01","CT","4","Dirt","Gab's Lil Leaguer"," 3 ","3","8-1","Reshawn Latchman","Timothy Collins"
"2021-07-01","CT","4","Dirt","Secret Castle"," 4 ","4","3-1","Denis Araujo","Ronney Brown"
"2021-07-01","CT","4","Dirt","She Figures"," 5 ","5","5-1","Luis Batista","Ronney Brown"
"2021-07-01","CT","4","Dirt","Lady Madison"," 6 ","6","7-2","Javier Rivera","William Atkins"
"2021-07-01","CT","5","Dirt","Super Wildcat"," 1 ","1","15-1","Reshawn Latchman","Laura Carson"
"2021-07-01","CT","5","Dirt","Single Mom"," 2 ","2","9-5","Kelvin Morales","Timothy Grams"
"2021-07-01","CT","5","Dirt","Women Not Easy"," 3 ","3","3-1","Arnaldo Bocachica","Irving Velez"
"2021-07-01","CT","5","Dirt","Urkillingmebeth"," 4 ","4","5-2","Darius Thorpe","David Walters"
"2021-07-01","CT","5","Dirt","Fullmoon Bay"," 5 ","5","10-1","Alisson Nunez","Jeff Runco"
"2021-07-01","CT","5","Dirt","What a Tart"," 6 ","6","12-1","Wesley Ho","Franklin Smith, Jr."
"2021-07-01","CT","5","Dirt","Smookie"," 7 ","7","15-1","Antonio Lopez","Jean Rofe"
"2021-07-01","CT","5","Dirt","Wolf Creek Pass"," 8 ","8","12-1","Alexis Rios-Conde","Jean Rofe"
"2021-07-01","CT","6","Dirt","Persevered"," 1 ","1","8-1","Denis Araujo","Ollie Figgins, III"
"2021-07-01","CT","6","Dirt","Baby White Sox"," 2 ","2","9-5","Arnaldo Bocachica","Irving Velez"
"2021-07-01","CT","6","Dirt","Merry Merry Mojo"," 3 ","3","6-1","Reshawn Latchman","Jack Hurley"
"2021-07-01","CT","6","Dirt","Maru's Raven"," 4 ","4","5-1","Gerald Almodovar","Jonathan Maldonado"
"2021-07-01","CT","6","Dirt","Ellerbe"," 5 ","5","10-1","J. Acosta","Jose Corrales"
"2021-07-01","CT","6","Dirt","True Crossing"," 6 ","6","4-1","Luis Batista","Michelle Knoblauch-Perez"
"2021-07-01","CT","6","Dirt","Beyond Pretty"," 7 ","7","30-1","Gustavo Larrosa","Dewayne Johnson"
"2021-07-01","CT","6","Dirt","Jacob T"," 8 ","8","9-2","Victor Rodriguez","Curtis Bass"
"2021-07-01","CT","7","Dirt","Strong Lil Kokoro"," 1 ","1","15-1","Reshawn Latchman","Timothy Collins"
"2021-07-01","CT","7","Dirt","Just Gets Better"," 2 ","2","9-2","Gerald Almodovar","Kristy Petty"
"2021-07-01","CT","7","Dirt","Westbury Estates"," 3 ","3","15-1","Gustavo Larrosa","Michael Atkins"
"2021-07-01","CT","7","Dirt","Freedom Rider"," 4 ","4","7-2","Arnaldo Bocachica","Jeff Runco"
"2021-07-01","CT","7","Dirt","In the Gospel"," 5 ","5","10-1","Victor Rodriguez","Edwin Tobin"
"2021-07-01","CT","7","Dirt","Spanglish"," 6 ","6","10-1","Denis Araujo","Elizabeth Meehan"
"2021-07-01","CT","7","Dirt","Allen Can Do It"," 7 ","7","4-1","Antonio Lopez","John Casey"
"2021-07-01","CT","7","Dirt","Boss E Boogs"," 8 ","8","15-1","Wladimir Rocha","Joseph Stehr"
"2021-07-01","CT","7","Dirt","Sonde St Blues"," 9 ","9","3-1","Javier Rivera","Miguel Ramos Agosto"
"2021-07-01","CT","7","Dirt","I Got a Brother","10 ","10","12-1","Darius Thorpe","Vernon Greaves"
"2021-07-01","CT","8","Dirt","Bronx Princess"," 1 ","1","20-1","Ramon Maldonado","Lofflin Downie"
"2021-07-01","CT","8","Dirt","Lineage"," 2 ","2","3-1","Keimar Trotman","Keith Brown"
"2021-07-01","CT","8","Dirt","Friendly Fairbanks"," 3 ","3","5-1","Darius Thorpe","Billy Davis"
"2021-07-01","CT","8","Dirt","My Little Fanny"," 4 ","4","9-2","J. Acosta","Jose Corrales"
"2021-07-01","CT","8","Dirt","Who's Your Daddy"," 5 ","5","9-5","Gustavo Larrosa","Diana McClure"
"2021-07-01","CT","8","Dirt","Earth Angel"," 6 ","6","6-1","Alisson Nunez","John Carlisle"
"2021-07-01","CT","8","Dirt","Stones Road"," 7 ","7","15-1","Victor Rodriguez","Sara Kopecki"
"2021-07-01","CT","8","Dirt","Erica Jane"," 8 ","8","15-1","Javier Rivera","M. Boggs"
"2021-07-01","DED","1","Dirt","Ezamae","1  ","1","6-1","Ubaldo Luna","Jerry Cezar"
"2021-07-01","DED","1","Dirt","Kue Shot","1A ","3","6-1","Juan Garcia, Jr.","Jerry Cezar"
"2021-07-01","DED","1","Dirt","Mia Forever Cash"," 2 ","2","8-1","Rolando Cabrera","Ruben Chavez"
"2021-07-01","DED","1","Dirt","Mda Jess Game","3  ","4","15-1","Jose Rodriguez","Orlando Orozco"
"2021-07-01","DED","1","Dirt","Ttt Lucero Blanco","4  ","5","5-1","Floriberto Maldonado","Guadalupe Garza, Jr."
"2021-07-01","DED","1","Dirt","Fly Bye You","5  ","6","7-2","Cesar Segura","Vann Haywood"
"2021-07-01","DED","1","Dirt","A Streakin Choice","6  ","7","20-1","Noe Suarez","Martin Gallegos"
"2021-07-01","DED","1","Dirt","One Delightful Tee","7  ","8","5-2","Donald Watson","Christopher Blanchet"
"2021-07-01","DED","1","Dirt","Dontmindwhileizoomby","8  ","9","10-1","Gerardo Castillo","Manuel Macias"
"2021-07-01","DED","1","Dirt","Another Glimpse","9  ","10","6-1","Jasiel Aquino","Noe Sanchez"
"2021-07-01","DED","2","Dirt","Nice Legs"," 1 ","1","6-1","Eleazar Hernandez","Leonel Hernandez"
"2021-07-01","DED","2","Dirt","Brace for Cartels"," 2 ","2","7-5","Bobby Ransom","Jason Magnon"
"2021-07-01","DED","2","Dirt","Jessawarrior"," 3 ","3","7-2","Juan Garcia","Gilberto Rosales"
"2021-07-01","DED","2","Dirt","Saphiras Mountain"," 4 ","4","10-1","Guadalupe Lucio, Jr.","Mardonio Flores, Jr."
"2021-07-01","DED","2","Dirt","Tip My Cash"," 5 ","5","12-1","Donell Blake","Sidney Holliday"
"2021-07-01","DED","2","Dirt","Bad Bad Hombre"," 6 ","6","5-2","Jorge Garcia","Levi Mays"
"2021-07-01","DED","3","Dirt","Aintgonbreakmystride"," 1 ","1","9-2","Leonardo Rodriguez","Manuel Macias"
"2021-07-01","DED","3","Dirt","Aj Taylors Cartel"," 2 ","2","6-1","Bryan Candanosa","John Fox"
"2021-07-01","DED","3","Dirt","Three R Corona"," 3 ","3","6-1","Bobby Ransom","Noe Sanchez"
"2021-07-01","DED","3","Dirt","Ccr a Warriors Heart"," 4 ","4","20-1","Mario Trujillo, Jr.","Mark Langford"
"2021-07-01","DED","3","Dirt","Magnolia James"," 5 ","5","10-1","Ricardo Hernandez, Jr.","Juan Picazo"
"2021-07-01","DED","3","Dirt","Roc N Bold"," 6 ","6","8-1","Floriberto Maldonado","Guadalupe Garza, Jr."
"2021-07-01","DED","3","Dirt","Cartels Magic Show"," 7 ","7","5-2","Rolando Pina","Willie Simien, Jr."
"2021-07-01","DED","3","Dirt","Treps Blue"," 8 ","8","20-1","Jose Rodriguez","Phillip Calais, Jr."
"2021-07-01","DED","3","Dirt","Geaux Jumpin"," 9 ","9","7-2","Eddi Martinez","Luis Martinez"
"2021-07-01","DED","4","Dirt","Ms Featuringfastjess"," 1 ","1","7-2","Noe Castaneda","Manuel Macias"
"2021-07-01","DED","4","Dirt","Famous Pilot Point"," 2 ","2","6-1","Ubaldo Luna","Elroy Potts, Sr."
"2021-07-01","DED","4","Dirt","Pop Ivy"," 3 ","3","9-2","Eleazar Hernandez","Leonel Hernandez"
"2021-07-01","DED","4","Dirt","Dashin Maxx"," 4 ","4","6-1","Juan Torres","Gary Mason"
"2021-07-01","DED","4","Dirt","Quick Train"," 5 ","5","10-1","David Alvarez","Rodolfo Sanchez"
"2021-07-01","DED","4","Dirt","Tf Perry On Fire"," 6 ","6","8-1","Bobby Ransom","Kenneth Roberts, Sr."
"2021-07-01","DED","4","Dirt","Bayou Kue"," 7 ","7","5-2","Eddi Martinez","Guadalupe Tristan"
"2021-07-01","DED","4","Dirt","Kas Hes Moonin"," 8 ","8","20-1","Mario Trujillo, Jr.","Eliseo Celestino"
"2021-07-01","DED","4","Dirt","Sweet Black Widow"," 9 ","9","20-1","Guadalupe Lucio, Jr.","Jesus Garrido"
"2021-07-01","DED","5","Dirt","Louisiana Fury"," 1 ","1","5-1","Luis Flores-Garcia","Olegario Ortiz"
"2021-07-01","DED","5","Dirt","Mc Apolitica"," 2 ","2","10-1","Luciano Duenez","Miguel Rodriguez"
"2021-07-01","DED","5","Dirt","Lrh Mojo Kat"," 3 ","3","12-1","Juan Garcia, Jr.","Trey Ellis"
"2021-07-01","DED","5","Dirt","Bc That Guys Secret"," 4 ","4","7-2","Luis Ruiz","Joel Cantu"
"2021-07-01","DED","5","Dirt","Magic Knight"," 5 ","5","12-1","David Alvarez","Gilberto Rosales"
"2021-07-01","DED","5","Dirt","Bayou Ez"," 6 ","6","12-1","Eddi Martinez","Guadalupe Tristan"
"2021-07-01","DED","5","Dirt","Ekg One Sweet"," 7 ","7","20-1","Bryan Candanosa","Jose Amaya"
"2021-07-01","DED","5","Dirt","Blazin Sunset"," 8 ","8","8-1","Ricardo Hernandez, Jr.","Kenneth Weeks"
"2021-07-01","DED","5","Dirt","Jla Indy Rogue"," 9 ","9","9-5","Russell Leblanc","Robert Meche"
"2021-07-01","DED","5","Dirt","Another Diamond","10 ","10","15-1","Mario Trujillo, Jr.","Eliseo Celestino"
"2021-07-01","DED","6","Dirt","She B in Your Dreams"," 1 ","1","2-1","Luis Flores-Garcia","Rosendo Valdez Jr."
"2021-07-01","DED","6","Dirt","Zoomin Dash"," 2 ","2","5-1","Jose Rodriguez","Donald Rubin"
"2021-07-01","DED","6","Dirt","Cw Miss Quick Cash"," 3 ","3","15-1","Donald Watson","Gary Mason"
"2021-07-01","DED","6","Dirt","Pats Lecacy"," 4 ","4","7-2","David Alvarez","Ruben Chavez"
"2021-07-01","DED","6","Dirt","Point Break Country"," 5 ","5","12-1","Bobby Ransom","Noe Sanchez"
"2021-07-01","DED","6","Dirt","Msmtoasttothepatriot"," 6 ","6","8-1","Gilbert Ortiz","Vann Haywood"
"2021-07-01","DED","6","Dirt","Bayou Boogie Boy"," 7 ","7","10-1","Donell Blake","Gary Mason"
"2021-07-01","DED","6","Dirt","Merica"," 8 ","8","9-2","Everardo Rodriguez","Phillip Calais, Jr."
"2021-07-01","DED","7","Dirt","Rockin Rosalita"," 1 ","1","6-1","Heriberto Aguilar-Orozco","Eduardo Morales"
"2021-07-01","DED","7","Dirt","Shes Jess So Special"," 2 ","2","15-1","Jasiel Aquino","Kenneth Weeks"
"2021-07-01","DED","7","Dirt","Brileys Prize Doc"," 3 ","3","8-1","Juan Garcia, Jr.","Trey Ellis"
"2021-07-01","DED","7","Dirt","Shesa Patriot Dotcom"," 4 ","4","15-1","Ubaldo Luna","Orlando Orozco"
"2021-07-01","DED","7","Dirt","Dynatrain"," 5 ","5","9-2","Randy Edison","Fructuoso Huitron"
"2021-07-01","DED","7","Dirt","Sir Run a Lot"," 6 ","6","10-1","Bobby Ransom","Richard Lane"
"2021-07-01","DED","7","Dirt","Ms Pistol Perry"," 7 ","7","12-1","Noe Suarez","Martin Gallegos"
"2021-07-01","DED","7","Dirt","Angel Britt"," 8 ","8","7-2","Donald Watson","Christopher Blanchet"
"2021-07-01","DED","7","Dirt","The Rogue Warrior"," 9 ","9","5-2","Eddi Martinez","Kenneth Roberts, Sr."
"2021-07-01","DED","7","Dirt","Ttt Einsten Momories","10 ","10","20-1","Ricardo Hernandez, Jr.","Jose Carrizales"
"2021-07-01","DED","8","Dirt","Wanna B a Star"," 1 ","1","9-2","Bobby Ransom","Lamont Lee"
"2021-07-01","DED","8","Dirt","Lolas Lil Ed"," 2 ","2","10-1","Donell Blake","Brenda Foster"
"2021-07-01","DED","8","Dirt","Freighttrain Z"," 3 ","3","5-1","Russell Leblanc","Robert Meche"
"2021-07-01","DED","8","Dirt","Patriot Mountain"," 4 ","4","9-5","Paulina Ramirez","Ray Robbins"
"2021-07-01","DED","8","Dirt","Hez a Fast Flash"," 5 ","5","10-1","Bryan Candanosa","Eric Long"
"2021-07-01","DED","8","Dirt","Midnight Biscuit"," 6 ","6","7-2","Gilbert Ortiz","Vann Haywood"
"2021-07-01","DED","8","Dirt","Dd Cricket"," 7 ","7","12-1","Juan Garcia","Salvador Flores"
"2021-07-01","DED","8","Dirt","Our Hot Topic"," 8 ","8","15-1","Rolando Cabrera","Ricardo Castillo"
"2021-07-01","DED","9","Dirt","Jetn Mia"," 1 ","1","20-1","Bobby Ransom","Kenneth Weeks"
"2021-07-01","DED","9","Dirt","Bv Destiny"," 2 ","2","10-1","David Alvarez","Rodolfo Sanchez"
"2021-07-01","DED","9","Dirt","Tdz Open Mia Corona"," 3 ","3","9-2","Eddi Martinez","Kenneth Roberts, Sr."
"2021-07-01","DED","9","Dirt","Daddys Te Chick"," 4 ","4","7-2","Heriberto Aguilar-Orozco","Eduardo Morales"
"2021-07-01","DED","9","Dirt","Heza Little Surreal"," 5 ","5","10-1","Randy Edison","Fructuoso Huitron"
"2021-07-01","DED","9","Dirt","Tinas Runaway Train"," 6 ","6","10-1","Everardo Rodriguez","Eric Long"
"2021-07-01","DED","9","Dirt","Chicks Special Doc"," 7 ","7","20-1","Mario Trujillo, Jr.","Eliseo Celestino"
"2021-07-01","DED","9","Dirt","Tf Hez That Guy"," 8 ","8","15-1","Rolando Cabrera","Jose Garcia"
"2021-07-01","DED","9","Dirt","Mega Yacht"," 9 ","9","8-1","Gilbert Ortiz","Christopher Earlywine"
"2021-07-01","DED","9","Dirt","Kissnkick","10 ","10","2-1","Ricardo Hernandez, Jr.","Kenneth Weeks"
"2021-07-01","DEL","1","Dirt","Maynooth"," 1 ","1","6-1","John Bisono","Thomas Iannotti, IV"
"2021-07-01","DEL","1","Dirt","Golazo"," 2 ","2","7-2","Jaime Rodriguez","Jamie Ness"
"2021-07-01","DEL","1","Dirt","David's Prospec"," 3 ","3","8-1","Skyler Spanabel","Lynn Ashby"
"2021-07-01","DEL","1","Dirt","My Candy Biz"," 4 ","4","5-2","John Hiraldo","Anthony Pecoraro"
"2021-07-01","DEL","1","Dirt","Muhlenberg"," 5 ","5","9-5","Erick Lopez","Anthony Pecoraro"
"2021-07-01","DEL","1","Dirt","Epigrammatist"," 6 ","6","8-1","Luis Hernandez","John Rodriguez"
"2021-07-01","DEL","2","Dirt","Just Pick One"," 1 ","1","3-1","Kevin Gomez","A. Allen, III"
"2021-07-01","DEL","2","Dirt","Gregoria's Bay"," 2 ","2","15-1","Jose Betancourt","Kelly Deiter"
"2021-07-01","DEL","2","Dirt","Galilee"," 3 ","3","4-1","Carol Cedeno","Greg Compton"
"2021-07-01","DEL","2","Dirt","Gunner Paul"," 4 ","4","6-1","Roberto Alvarado, Jr.","Hugh McMahon"
"2021-07-01","DEL","2","Dirt","Redeem Peter"," 5 ","5","8-1","Jaime Rodriguez","Samuel Cronk"
"2021-07-01","DEL","2","Dirt","Rapid Response"," 6 ","6","2-1","Johan Rosado","Lacey Gaudet"
"2021-07-01","DEL","2","Dirt","Hardblaze Gray"," 7 ","7","10-1","Kevin Mendez","Diosdado Iglesias"
"2021-07-01","DEL","2","Dirt","Another Lulu"," 8 ","8","15-1","Alexander Crispin","Baltazar Galvan"
"2021-07-01","DEL","3","Turf","Brycens Gold"," 1 ","1","10-1","Jaime Rodriguez","James Tsirigotis, Jr."
"2021-07-01","DEL","3","Turf","Darling's Cure"," 2 ","2","10-1","Kevin Gomez","Jose Samaniego"
"2021-07-01","DEL","3","Turf","Glossamer"," 3 ","3","12-1","J. Acosta","Lynn Ashby"
"2021-07-01","DEL","3","Turf","Beautiful Tiz"," 4 ","4","20-1","Angel Suarez","Antonio Machado"
"2021-07-01","DEL","3","Turf","Smart Red"," 5 ","5","20-1","Vince Halliday","Bassam Captan"
"2021-07-01","DEL","3","Turf","That Is Key"," 6 ","6","10-1","John Bisono","Ramon Aguayo"
"2021-07-01","DEL","3","Turf","Witty Banter"," 7 ","7","12-1","Daniel Centeno","Hamilton Smith"
"2021-07-01","DEL","3","Turf","Talks in Her Sleep"," 8 ","8","7-2","Carol Cedeno","Wallace Neilson"
"2021-07-01","DEL","3","Turf","Whispering Wanda"," 9 ","9","20-1","Alexander Crispin","Baltazar Galvan"
"2021-07-01","DEL","3","Turf","Cold Hearted Cat","10 ","10","9-2","Leonardo Corujo","Kevin Boniface"
"2021-07-01","DEL","3","Turf","Maliceinthepalace","11 ","11","8-1","Raul Mena","Michael Gorham"
"2021-07-01","DEL","3","Turf","Sunday Swagger","12 ","12","10-1","Skyler Spanabel","Gary Contessa"
"2021-07-01","DEL","3","Turf","Rooney","13 ","13","30-1","Aubrie Green","Keith Chudzik"
"2021-07-01","DEL","3","Turf","Bears Breeches","14 ","14","8-1","Angel Suarez","Richard Hendriks"
"2021-07-01","DEL","4","Dirt","Tequila Fog"," 1 ","1","4-1","Alexander Crispin","Carlos Mancilla"
"2021-07-01","DEL","4","Dirt","Inedatequila"," 2 ","2","8-1","Victor Carrasco","Victor Carrasco, Jr."
"2021-07-01","DEL","4","Dirt","Wedontbelieveher"," 3 ","3","8-1","Isaac Castillo","Juan Avila"
"2021-07-01","DEL","4","Dirt","Tweet Away Robin"," 4 ","4","6-1","Roberto Alvarado, Jr.","Hugh McMahon"
"2021-07-01","DEL","4","Dirt","War Ballad"," 5 ","5","10-1","Brian Pedroza","Chelsey Moysey"
"2021-07-01","DEL","4","Dirt","Awesome Pal"," 6 ","6","3-1","Angel Cruz","Kenneth Cox"
"2021-07-01","DEL","4","Dirt","Kit Kat Katie"," 7 ","7","2-1","Jaime Rodriguez","Jamie Ness"
"2021-07-01","DEL","5","Turf","Transit"," 1 ","1","15-1","Nicolas Arriagada","Elizabeth Voss"
"2021-07-01","DEL","5","Turf","My Freedom"," 2 ","2","15-1","Aubrie Green","Baltazar Galvan"
"2021-07-01","DEL","5","Turf","Golden Gallant"," 3 ","3","12-1","Skyler Spanabel","Gary Contessa"
"2021-07-01","DEL","5","Turf","Jaquavious"," 4 ","4","15-1","Alexander Crispin","Lynn Ashby"
"2021-07-01","DEL","5","Turf","Auchincruive"," 5 ","5","5-1","Carol Cedeno","King Leatherbury"
"2021-07-01","DEL","5","Turf","Imagine Hongkong"," 6 ","6","8-1","Eduviel Ignacio","Gary Capuano"
"2021-07-01","DEL","5","Turf","Jungle Bride"," 7 ","7","6-1","Victor Carrasco","Michael Trombetta"
"2021-07-01","DEL","5","Turf","Remember Hymn"," 8 ","8","20-1","Roberto Alvarado, Jr.","Brett Brinkman"
"2021-07-01","DEL","5","Turf","Fomo"," 9 ","9","12-1","Charlie Marquez","Elizabeth Merryman"
"2021-07-01","DEL","5","Turf","Big Daddy Buzz","10 ","10","6-1","Mychel Sanchez","Scott Lake"
"2021-07-01","DEL","5","Turf","Marconis","11 ","11","4-1","Jaime Rodriguez","Shaun Morrow"
"2021-07-01","DEL","5","Turf","Estilo Varonil","12 ","12","8-1","Raul Mena","Juan Arriagada"
"2021-07-01","DEL","5","Turf","Curry's Mountain","13 ","13","30-1","Vince Halliday","Terry Huet"
"2021-07-01","DEL","5","Turf","Iron Pearls","14 ","14","7-2","Sheldon Russell","Jeremiah O'Dwyer"
"2021-07-01","DEL","6","Dirt","A. P. Princess"," 1 ","1","4-1","Victor Carrasco","Chelsey Moysey"
"2021-07-01","DEL","6","Dirt","Malibu Beauty"," 2 ","2","2-1","Sheldon Russell","Gary Capuano"
"2021-07-01","DEL","6","Dirt","Margie's Heaven"," 3 ","3","8-1","Angel Cruz","Hugh McMahon"
"2021-07-01","DEL","6","Dirt","Dancer's Melody"," 4 ","4","3-1","Carol Cedeno","Timothy Ritchey"
"2021-07-01","DEL","6","Dirt","Bucky's Drama"," 5 ","5","10-1","Brian Pedroza","Gerald Bennett"
"2021-07-01","DEL","6","Dirt","Shyza"," 6 ","6","8-1","Mychel Sanchez","John Servis"
"2021-07-01","DEL","6","Dirt","Crafty Lass"," 7 ","7","6-1","Daniel Centeno","Jane Cibelli"
"2021-07-01","DEL","7","Turf","Gale Winds"," 1 ","1","8-1","Xavier Perez","John Robb"
"2021-07-01","DEL","7","Turf","Miami Crockett"," 2 ","2","6-1","John Bisono","Steve Klesaris"
"2021-07-01","DEL","7","Turf","Sarasota Boy"," 3 ","3","15-1","Carol Cedeno","Shaun Morrow"
"2021-07-01","DEL","7","Turf","Nothing Better"," 4 ","4","4-1","Roberto Alvarado, Jr.","Jorge Duarte, Jr."
"2021-07-01","DEL","7","Turf","Tate"," 5 ","5","3-1","Angel Suarez","Michael Stidham"
"2021-07-01","DEL","7","Turf","Because I Can"," 6 ","6","8-1","Abner Adorno","Michael Aro"
"2021-07-01","DEL","7","Turf","John the Bear"," 7 ","7","5-1","Kevin Gomez","A. Allen, III"
"2021-07-01","DEL","7","Turf","Fizbo"," 8 ","8","12-1","Mychel Sanchez","Edward Allard"
"2021-07-01","DEL","7","Turf","King Nekia"," 9 ","9","12-1","Vince Halliday","Steve Epley, Jr."
"2021-07-01","DEL","7","Turf","Hauntedbythemusic","10 ","10","3-2","Alexander Crispin","Baltazar Galvan"
"2021-07-01","DEL","7","Turf","Sue Loves Barbados","11 ","11","6-1","Jorge Ruiz","Dale Capuano"
"2021-07-01","DEL","7","Turf","Xmasinthecity","12 ","12","10-1","J. Acosta","Andres Garibay, Sr."
"2021-07-01","DEL","7","Turf","Jag","13 ","13","8-1","Carol Cedeno","Gary Contessa"
"2021-07-01","DEL","8","Dirt","Dontforgettoblink"," 1 ","1","10-1","Joseph Trejos","Cesar Nambo"
"2021-07-01","DEL","8","Dirt","Five Star Phil"," 2 ","2","3-1","Carol Cedeno","Anthony Pecoraro"
"2021-07-01","DEL","8","Dirt","Kabod"," 3 ","3","6-1","Raul Mena","Juan Arriagada"
"2021-07-01","DEL","8","Dirt","Stormy Bonnie"," 4 ","4","4-1","Charlie Marquez","James Lawrence, II"
"2021-07-01","DEL","8","Dirt","Terp Town"," 5 ","5","2-1","Jaime Rodriguez","Jamie Ness"
"2021-07-01","DEL","8","Dirt","Under the Radar"," 6 ","6","8-1","John Bisono","Cesar Nambo"
"2021-07-01","DEL","8","Dirt","Rebel Empire"," 7 ","7","8-1","Skyler Spanabel","Lynn Ashby"
"2021-07-01","DEL","9","Dirt","Slip Slidin"," 1 ","1","4-1","Kevin Gomez","A. Allen, III"
"2021-07-01","DEL","9","Dirt","Hot Nail"," 2 ","2","2-1","Jaime Rodriguez","Jamie Ness"
"2021-07-01","DEL","9","Dirt","Commission Actress"," 3 ","3","3-1","Augusto Marin","Pedro Posadas"
"2021-07-01","DEL","9","Dirt","Sho U Right"," 4 ","4","8-1","Andy Hernandez","Gerard Dennison"
"2021-07-01","DEL","9","Dirt","Joyce G."," 5 ","5","10-1","Chel-c Bailey","Michael Gorham"
"2021-07-01","DEL","9","Dirt","Tua"," 6 ","6","8-1","Vince Halliday","Saul Ramirez"
"2021-07-01","DEL","9","Dirt","Miami Gold"," 7 ","7","6-1","Kevin Mendez","Diosdado Iglesias"
"2021-07-01","ELP","1","Dirt","Decaf","1  ","2","3-1","Corey Lanerie","Dane Kobiskie"
"2021-07-01","ELP","1","Dirt","Cell Tower","1A ","3","3-1","Joseph Rocco, Jr.","Dane Kobiskie"
"2021-07-01","ELP","1","Dirt","Wicked Ecstasy","2  ","1","4-1","James Graham","Thomas Amoss"
"2021-07-01","ELP","1","Dirt","Paulas Game","3  ","4","6-1","David Cabrera","Eric Foster"
"2021-07-01","ELP","1","Dirt","Race Smart","4  ","5","12-1","Francisco Arrieta","John Hancock"
"2021-07-01","ELP","1","Dirt","In Speight of Sara","5  ","6","8-1","Gabriel Saez","Aaron West"
"2021-07-01","ELP","1","Dirt","Shoe Biz","6  ","7","5-1","Colby Hernandez","Thomas Amoss"
"2021-07-01","ELP","1","Dirt","Cardioversion","7  ","8","5-2","Miguel Mena","Jason Barkley"
"2021-07-01","ELP","2","Dirt","Stock Deal"," 1 ","1","6-1","Gabriel Saez","D. Lukas"
"2021-07-01","ELP","2","Dirt","Major Attraction"," 2 ","2","6-1","Adam Beschizza","Israel Garcia"
"2021-07-01","ELP","2","Dirt","Orient Magic"," 3 ","3","8-1","Edgar Morales","Wayne French"
"2021-07-01","ELP","2","Dirt","Allen"," 4 ","4","4-1","Colby Hernandez","Tim Glyshaw"
"2021-07-01","ELP","2","Dirt","Double Tough Tiger"," 5 ","5","3-1","Mitchell Murrill","Chris Hartman"
"2021-07-01","ELP","2","Dirt","Hold Tight"," 6 ","6","8-5","James Graham","Thomas Amoss"
"2021-07-01","ELP","3","Turf","Agog"," 1 ","1","6-1","James Graham","Jason Barkley"
"2021-07-01","ELP","3","Turf","Gem Key"," 2 ","2","8-1","Robby Albarado","Kenneth McPeek"
"2021-07-01","ELP","3","Turf","Momentous Miss"," 3 ","3","8-1","Julien Leparoux","Alice Cohn"
"2021-07-01","ELP","3","Turf","Girl Named Patsy"," 4 ","4","4-1","Jon Court","Brian Michael"
"2021-07-01","ELP","3","Turf","Signify"," 5 ","5","5-1","Chris Landeros","Rodolphe Brisset"
"2021-07-01","ELP","3","Turf","Show Me the Best"," 6 ","6","10-1","Rafael Bejarano","Israel Acevedo"
"2021-07-01","ELP","3","Turf","Ursulina"," 7 ","7","8-1","Miguel Mena","Albert Stall, Jr."
"2021-07-01","ELP","3","Turf","Risky Reward"," 8 ","8","7-2","Adam Beschizza","Brendan Walsh"
"2021-07-01","ELP","3","Turf","Miss Pinkerton"," 9 ","9","15-1","Mitchell Murrill","Barry King"
"2021-07-01","ELP","3","Turf","Oooh Barracuda","10 ","10","20-1","Joseph Talamo","Blake Kelly"
"2021-07-01","ELP","4","Dirt","Frolic More"," 1 ","1","6-1","Mitchell Murrill","Chris Hartman"
"2021-07-01","ELP","4","Dirt","Letmeno"," 2 ","2","9-5","Julien Leparoux","Ian Wilkes"
"2021-07-01","ELP","4","Dirt","All West"," 3 ","3","10-1","Rafael Bejarano","Ron Moquett"
"2021-07-01","ELP","4","Dirt","Briefcase Bully"," 4 ","4","7-2","Brian Hernandez, Jr.","Cherie DeVaux"
"2021-07-01","ELP","4","Dirt","Best of Greeley"," 5 ","5","5-2","Gabriel Saez","John Ortiz"
"2021-07-01","ELP","4","Dirt","Mo's Mojo"," 6 ","6","6-1","Miguel Mena","Randy Morse"
"2021-07-01","ELP","5","Turf","Pentagon"," 1 ","1","15-1","Corey Lanerie","J. McGaughey"
"2021-07-01","ELP","5","Turf","Reinecke"," 2 ","2","4-1","Francisco Arrieta","Steven Asmussen"
"2021-07-01","ELP","5","Turf","Salino"," 3 ","3","8-1","Robby Albarado","Kenneth McPeek"
"2021-07-01","ELP","5","Turf","Sweet Carolena"," 4 ","4","6-1","Florent Geroux","Mark Casse"
"2021-07-01","ELP","5","Turf","Trick Hat"," 5 ","5","12-1","Miguel Mena","Luis Jurado"
"2021-07-01","ELP","5","Turf","Flippant"," 6 ","6","9-2","Rafael Bejarano","Victoria Oliver"
"2021-07-01","ELP","5","Turf","Second Row Center"," 7 ","7","10-1","Joseph Rocco, Jr.","Dane Kobiskie"
"2021-07-01","ELP","5","Turf","Mint Edition"," 8 ","8","10-1","Julien Leparoux","Ian Wilkes"
"2021-07-01","ELP","5","Turf","Autostrada"," 9 ","9","5-1","Drayden Van Dyke","Chad Brown"
"2021-07-01","ELP","5","Turf","Temper Time","10 ","10","6-1","Joseph Talamo","Dale Romans"
"2021-07-01","ELP","5","Turf","Prominently","11 ","11","8-1","Rafael Bejarano","Cherie DeVaux"
"2021-07-01","ELP","5","Turf","Incessant","12 ","12","20-1","Gabriel Saez","Jose Fernandez"
"2021-07-01","ELP","5","Turf","Tayet","13 ","13","5-2","Drayden Van Dyke","Eddie Kenneally"
"2021-07-01","ELP","6","Dirt","Magic Shot","1  ","2","5-2","Mitchell Murrill","J. Desormeaux"
"2021-07-01","ELP","6","Dirt","Detroit City","1A ","9","5-2","Adam Beschizza","Jack Sisterson"
"2021-07-01","ELP","6","Dirt","Baytown Warrior","2  ","1","15-1","Carlos Diaz","Paul McEntee"
"2021-07-01","ELP","6","Dirt","Costa Terra"," 3 ","3","9-2","Francisco Arrieta","Steven Asmussen"
"2021-07-01","ELP","6","Dirt","Iconic Legacy"," 4 ","4","7-2","Florent Geroux","Brad Cox"
"2021-07-01","ELP","6","Dirt","Martini'nmoonshine"," 5 ","5","6-1","James Graham","Thomas Amoss"
"2021-07-01","ELP","6","Dirt","Jackpot Winner"," 6 ","6","12-1","Javier Padron-Barcenas","Jack Hancock"
"2021-07-01","ELP","6","Dirt","Buckingham Prince"," 7 ","7","4-1","Joseph Talamo","Norm Casse"
"2021-07-01","ELP","6","Dirt","Cold City"," 8 ","8","12-1","David Cabrera","John Ortiz"
"2021-07-01","ELP","7","Turf","Graysonsmacho Gal"," 1 ","1","3-1","Gabriel Saez","John Ortiz"
"2021-07-01","ELP","7","Turf","Paynterbynumbers"," 2 ","2","15-1","Jon Court","Eric Reed"
"2021-07-01","ELP","7","Turf","Look Me Over"," 3 ","3","5-2","Martin Garcia","Brendan Walsh"
"2021-07-01","ELP","7","Turf","Flauto"," 4 ","4","6-1","Corey Lanerie","Ben Colebrook"
"2021-07-01","ELP","7","Turf","Miss Tourista"," 5 ","5","6-1","Julien Leparoux","Rodolphe Brisset"
"2021-07-01","ELP","7","Turf","Osaka Girl"," 6 ","6","5-1","Joseph Talamo","Brian Lynch"
"2021-07-01","ELP","7","Turf","Sunny Isle Beach"," 7 ","7","6-1","Adam Beschizza","Juan Cano"
"2021-07-01","ELP","7","Turf","Discreet Kitty"," 8 ","8","15-1","Miguel Mena","Luis Jurado"
"2021-07-01","ELP","8","Turf","Megan's Clara"," 1 ","1","9-2","Adam Beschizza","Joe Sharp"
"2021-07-01","ELP","8","Turf","Love in the Air"," 2 ","2","6-1","Shaun Bridgmohan","Mark Casse"
"2021-07-01","ELP","8","Turf","Flying Gem"," 3 ","3","8-1","Joseph Talamo","Dale Romans"
"2021-07-01","ELP","8","Turf","Robin's Fantasy"," 4 ","4","12-1","Rafael Bejarano","James Kelley"
"2021-07-01","ELP","8","Turf","Surrealist"," 5 ","5","3-1","Brian Hernandez, Jr.","Kenneth McPeek"
"2021-07-01","ELP","8","Turf","Wicked Intent"," 6 ","6","20-1","Francisco Arrieta","Caio Caramori"
"2021-07-01","ELP","8","Turf","Wendy's Fine Wine"," 7 ","7","30-1","David Cardoso","Aveory Faircloth"
"2021-07-01","ELP","8","Turf","Ice Queen"," 8 ","8","6-1","Corey Lanerie","Ben Colebrook"
"2021-07-01","ELP","8","Turf","Freedomofthepress"," 9 ","9","7-2","James Graham","Chad Brown"
"2021-07-01","ELP","8","Turf","Coed","10 ","10","15-1","Colby Hernandez","Dane Kobiskie"
"2021-07-01","ELP","8","Turf","Sassy Hannah","11 ","11","20-1","Jon Court","Eduardo Caramori"
"2021-07-01","ELP","8","Turf","Ms Temptation","12 ","12","15-1","Julien Leparoux","Brian Lynch"
"2021-07-01","ELP","8","Turf","Summer Store","13 ","13","12-1","Corey Lanerie","Ian Wilkes"
"2021-07-01","EMD","1","Dirt","Lonsdaleite"," 1 ","1","8-1","Jose Zunino","Robert Bean"
"2021-07-01","EMD","1","Dirt","Lutes Lil Gift"," 2 ","2","5-1","Kevin Radke","Rosie Simkins"
"2021-07-01","EMD","1","Dirt","Uncommonblessing"," 3 ","3","3-1","Alex Cruz","Vince Gibson"
"2021-07-01","EMD","1","Dirt","Are You From Dixie"," 4 ","4","10-1","Alex Anaya","Rigoberto Velasquez"
"2021-07-01","EMD","1","Dirt","Sky's the Limit"," 5 ","5","5-2","Jennifer Whitaker","Howard Belvoir"
"2021-07-01","EMD","1","Dirt","Cribbs"," 6 ","6","9-5","Juan Gutierrez","Steve Bullock"
"2021-07-01","EMD","2","Dirt","Irish Terrier"," 1 ","1","6-1","Alex Anaya","Roddina Barrett"
"2021-07-01","EMD","2","Dirt","Deepingreen"," 2 ","2","8-1","Jose Zunino","Shelly Crowe"
"2021-07-01","EMD","2","Dirt","Party for One"," 3 ","3","9-2","Alex Cruz","Rigoberto Velasquez"
"2021-07-01","EMD","2","Dirt","Kid Arcade"," 4 ","4","9-5","Julien Couton","Ari Herbertson"
"2021-07-01","EMD","2","Dirt","Brahms Forest"," 5 ","5","7-2","Heribert Martinez","Frank Lucarelli"
"2021-07-01","EMD","2","Dirt","Rocket Power"," 6 ","6","5-1","Juan Gutierrez","Jeffrey Metz"
"2021-07-01","EMD","3","Dirt","Secrets of My Soul"," 1 ","1","8-1","Javier Matias","Joe Toye"
"2021-07-01","EMD","3","Dirt","Linchpins Wake"," 2 ","2","6-1","Kevin Radke","Niccolo Troiani"
"2021-07-01","EMD","3","Dirt","Bee Einstein"," 3 ","3","2-1","Julien Couton","Nick Lowe"
"2021-07-01","EMD","3","Dirt","Boonesboro Beauty"," 4 ","4","9-5","Alex Cruz","Sam Dronen"
"2021-07-01","EMD","3","Dirt","Shelby R."," 5 ","5","7-2","Juan Gutierrez","Jorge Rosales"
"2021-07-01","EMD","3","Dirt","Laker Jet"," 6 ","6","15-1","Jose Zunino","Robert Bean"
"2021-07-01","EMD","4","Dirt","The Press"," 1 ","1","5-1","Jennifer Whitaker","Howard Belvoir"
"2021-07-01","EMD","4","Dirt","Float On"," 2 ","2","9-5","Alex Cruz","Candice Cryderman"
"2021-07-01","EMD","4","Dirt","Silver Fury"," 3 ","3","7-2","Juan Gutierrez","Candice Cryderman"
"2021-07-01","EMD","4","Dirt","Reelfoot"," 4 ","4","4-1","Jose Zunino","Edwin Cornier"
"2021-07-01","EMD","4","Dirt","Mixo"," 5 ","5","6-1","Kevin Radke","Sharon Ross"
"2021-07-01","EMD","4","Dirt","Vicente's Shadow"," 6 ","6","8-1","Alex Anaya","Satchell Stevens"
"2021-07-01","EMD","5","Dirt","Veraaj"," 1 ","1","10-1","Alex Anaya","Rigoberto Velasquez"
"2021-07-01","EMD","5","Dirt","Gold Supply"," 2 ","2","8-1","Alex Cruz","Dale Koler"
"2021-07-01","EMD","5","Dirt","She's an Eagle"," 3 ","3","15-1","Franklin Ceballos","Sharon Ross"
"2021-07-01","EMD","5","Dirt","Sadie Sue"," 4 ","4","20-1","Ryan Barber","Satchell Stevens"
"2021-07-01","EMD","5","Dirt","I Want One"," 5 ","5","5-2","Juan Gutierrez","Jorge Rosales"
"2021-07-01","EMD","5","Dirt","Tomorrow's Mine"," 6 ","6","7-2","Javier Matias","Joe Toye"
"2021-07-01","EMD","5","Dirt","Raiderette"," 7 ","7","8-5","Julien Couton","Candice Cryderman"
"2021-07-01","EMD","6","Dirt","David Nose Best"," 1 ","1","5-1","Kevin Radke","David Martinez"
"2021-07-01","EMD","6","Dirt","Count Alexei"," 2 ","2","9-5","Heribert Martinez","David Martinez"
"2021-07-01","EMD","6","Dirt","Atta Boy Billy"," 3 ","3","7-2","Juan Gutierrez","Candice Cryderman"
"2021-07-01","EMD","6","Dirt","Club Champ"," 4 ","4","10-1","Javier Matias","O. Martinez, Jr."
"2021-07-01","EMD","6","Dirt","Luckenbach"," 5 ","5","4-1","Alex Cruz","Jeffrey Metz"
"2021-07-01","EMD","6","Dirt","Poppy's C Note"," 6 ","6","15-1","Alex Anaya","Elodio Madrigal"
"2021-07-01","EMD","6","Dirt","Shark Harbor"," 7 ","7","8-1","Julien Couton","Joe Toye"
"2021-07-01","EMD","7","Dirt","You Go Girl"," 1 ","1","9-2","Julien Couton","Steve Bullock"
"2021-07-01","EMD","7","Dirt","For You Only"," 2 ","2","3-1","Jennifer Whitaker","Howard Belvoir"
"2021-07-01","EMD","7","Dirt","Zippin Sevenz"," 3 ","3","6-1","Juan Gutierrez","Alan Bozell"
"2021-07-01","EMD","7","Dirt","Blazingbellablu"," 4 ","4","5-2","Alex Cruz","Charles Essex"
"2021-07-01","EMD","7","Dirt","That's My Story"," 5 ","5","10-1","Alex Anaya","Satchell Stevens"
"2021-07-01","EMD","7","Dirt","Tothemoonandback"," 6 ","6","7-2","Kevin Radke","Kay Cooper"
"2021-07-01","EMD","7","Dirt","Aprilinthepines"," 7 ","7","15-1","Ryan Barber","O. Martinez, Jr."
"2021-07-01","EMD","8","Dirt","Todos Santos"," 1 ","1","9-5","Alex Cruz","Vince Gibson"
"2021-07-01","EMD","8","Dirt","Raelee"," 2 ","2","7-2","Julien Couton","Jeffrey Metz"
"2021-07-01","EMD","8","Dirt","Rosies Baby"," 3 ","3","15-1","Jose Zunino","Edwin Cornier"
"2021-07-01","EMD","8","Dirt","Noumea"," 4 ","4","10-1","Ryan Barber","Alan Bozell"
"2021-07-01","EMD","8","Dirt","Sassy Edie"," 5 ","5","8-1","Juan Gutierrez","Steve Bullock"
"2021-07-01","EMD","8","Dirt","Constant Craving"," 6 ","6","4-1","Kevin Radke","Jose Navarro"
"2021-07-01","EMD","8","Dirt","Love Solution"," 7 ","7","6-1","Heribert Martinez","O. Martinez, Jr."
"2021-07-01","EVD","1","Dirt","Sharp Memories"," 1 ","1","15-1","Efigenio Ruiz","Juan Picazo"
"2021-07-01","EVD","1","Dirt","I'm a Flashy Kid"," 2 ","2","10-1","Odilon Martinez","Danny Besancon"
"2021-07-01","EVD","1","Dirt","Point to the Green"," 3 ","3","20-1","Josean Rivera","Benjamin Zeno"
"2021-07-01","EVD","1","Dirt","Clever Prince"," 4 ","4","4-1","Kevin Smith","Albin Bonin, Jr."
"2021-07-01","EVD","1","Dirt","Runner"," 5 ","5","8-1","Wallynette Rodriguez","Kenneth Westlye"
"2021-07-01","EVD","1","Dirt","Fonzie Scheme"," 6 ","6","2-1","Antonio Quiles","Jason Magnon"
"2021-07-01","EVD","1","Dirt","Hiccup"," 7 ","7","7-5","Roberto Morales","Whitney Zeringue, Jr."
"2021-07-01","EVD","2","Dirt","Pray Ide Sing"," 1 ","1","5-2","Antonio Quiles","Kenneth Westlye"
"2021-07-01","EVD","2","Dirt","Round Quarter"," 2 ","2","12-1","Kody Kellenberger","Brent Toups"
"2021-07-01","EVD","2","Dirt","Flash Me Back"," 3 ","3","7-2","Efigenio Ruiz","Benjamin Zeno"
"2021-07-01","EVD","2","Dirt","G Cisive"," 4 ","4","15-1","Odilon Martinez","Benjamin Zeno"
"2021-07-01","EVD","2","Dirt","Diamond Palace"," 5 ","5","2-1","Joe Stokes","L. Cuccia"
"2021-07-01","EVD","2","Dirt","Combat Command"," 6 ","6","9-2","Kevin Smith","Fletcher Player"
"2021-07-01","EVD","2","Dirt","Swinging Greeley"," 7 ","7","8-1","Josean Rivera","Terry Griffin"
"2021-07-01","EVD","3","Turf","Half Ours N Stormy"," 1 ","1","7-2","Eguard Tejera","Juan Larrosa"
"2021-07-01","EVD","3","Turf","Palmy Sundae"," 2 ","2","10-1","Joel Dominguez","Eduardo Ramirez"
"2021-07-01","EVD","3","Turf","Drakkar"," 3 ","3","3-1","Diego Saenz","Samuel Breaux"
"2021-07-01","EVD","3","Turf","Soul Song"," 4 ","4","5-2","Pedro Cotto, Jr.","Ron Faucheux"
"2021-07-01","EVD","3","Turf","Outlaw X."," 5 ","5","8-1","Roberto Morales","Eduardo Ramirez"
"2021-07-01","EVD","3","Turf","Tactical Priority"," 6 ","6","5-1","Gerard Melancon","Lee Thomas"
"2021-07-01","EVD","3","Turf","Friendofthecourt"," 7 ","7","6-1","Timothy Thornton","Andrea Ali"
"2021-07-01","EVD","4","Dirt","Big Boss Man"," 1 ","1","20-1","Ashley Broussard","Carol Constantine"
"2021-07-01","EVD","4","Dirt","Grip Tight"," 2 ","2","9-2","Efigenio Ruiz","Benjamin Zeno"
"2021-07-01","EVD","4","Dirt","Sixto"," 3 ","3","5-2","Devin Magnon","Jason Magnon"
"2021-07-01","EVD","4","Dirt","Shot On Windy Hill"," 4 ","4","3-1","Eguard Tejera","Juan Larrosa"
"2021-07-01","EVD","4","Dirt","Comerunninboys"," 5 ","5","7-2","Timothy Thornton","Chasey Pomier"
"2021-07-01","EVD","4","Dirt","Reposado"," 6 ","6","8-1","Gerard Melancon","Glenn Delahoussaye"
"2021-07-01","EVD","4","Dirt","Can If I Can"," 7 ","7","10-1","Kevin Smith","Doris Hebert"
"2021-07-01","EVD","4","Dirt","Sailing Jett"," 8 ","8","15-1","Joe Stokes","Lonnie Briley"
"2021-07-01","EVD","4","Dirt","Mr Leo"," 9 ","9","20-1","Josean Rivera","Ronald Matthieu"
"2021-07-01","EVD","5","Turf","Starzip"," 1 ","1","20-1","Gerard Melancon","Shane Meche"
"2021-07-01","EVD","5","Turf","King Liam"," 2 ","2","9-5","Carlos Marquez","Lee Thomas"
"2021-07-01","EVD","5","Turf","Oxbow Pioneer"," 3 ","3","6-1","Wallynette Rodriguez","Kenneth Westlye"
"2021-07-01","EVD","5","Turf","Carry Thy Cross"," 4 ","4","5-2","Antonio Quiles","Marvin Ladner"
"2021-07-01","EVD","5","Turf","Golden Noguez"," 5 ","5","8-1","Pedro Cotto, Jr.","Kenneth Westlye"
"2021-07-01","EVD","5","Turf","Custom Deelite"," 6 ","6","10-1","Timothy Thornton","Andrea Ali"
"2021-07-01","EVD","5","Turf","Quest for Avette"," 7 ","7","12-1","Diego Saenz","John Ney"
"2021-07-01","EVD","5","Turf","Fifty Protection"," 8 ","8","9-2","Devin Magnon","Dale White, Sr."
"2021-07-01","EVD","6","Dirt","Rhett's Racer"," 1 ","1","15-1","Joe Stokes","Jonah Fuselier"
"2021-07-01","EVD","6","Dirt","Bind Me Up"," 2 ","2","5-2","Diego Saenz","Angel Cordero"
"2021-07-01","EVD","6","Dirt","Back Inthat Action"," 3 ","3","9-5","Timothy Thornton","Allen Landry"
"2021-07-01","EVD","6","Dirt","Lil' Sister Lou"," 4 ","4","5-1","Roberto Morales","Floyd Pitzer"
"2021-07-01","EVD","6","Dirt","Miss Underrated"," 5 ","5","4-1","Kevin Smith","Steven Flint"
"2021-07-01","EVD","6","Dirt","Film Study"," 6 ","6","10-1","Ashley Broussard","Roland Bruno"
"2021-07-01","EVD","6","Dirt","She's a Fair Catch"," 7 ","7","8-1","Wallynette Rodriguez","Kenneth Westlye"
"2021-07-01","EVD","7","Dirt","Black Sword"," 1 ","1","15-1","Joe Stokes","Ronnie Averett"
"2021-07-01","EVD","7","Dirt","Wild Bert"," 2 ","2","2-1","Kevin Smith","Ronnie Averett"
"2021-07-01","EVD","7","Dirt","Laughingsaintssong"," 3 ","3","9-2","Timothy Thornton","Allen Landry"
"2021-07-01","EVD","7","Dirt","Bertie's Galaxy"," 4 ","4","8-5","Diego Saenz","Ron Faucheux"
"2021-07-01","EVD","7","Dirt","Monte Man"," 5 ","5","3-1","Gerard Melancon","Ron Faucheux"
"2021-07-01","EVD","7","Dirt","C'Mon Ve"," 6 ","6","20-1","Emanuel Nieves","Jacoby Landry"
"2021-07-01","EVD","8","Dirt","Our Little Girl"," 1 ","1","15-1","Joe Stokes","Ronnie Averett"
"2021-07-01","EVD","8","Dirt","Perfect Peach"," 2 ","2","6-1","Joel Dominguez","Lonnie Briley"
"2021-07-01","EVD","8","Dirt","Lukes Secret"," 3 ","3","3-1","Diego Saenz","Samuel Breaux"
"2021-07-01","EVD","8","Dirt","Charlie Sky"," 4 ","4","4-1","Gerard Melancon","Lee Thomas"
"2021-07-01","EVD","8","Dirt","Iam Dakota"," 5 ","5","12-1","Odilon Martinez","John Romero, Sr."
"2021-07-01","EVD","8","Dirt","Circleofsoul"," 6 ","6","20-1","Wallynette Rodriguez","Benjamin Zeno"
"2021-07-01","EVD","8","Dirt","Miss Hurryupnwait"," 7 ","7","8-1","Efigenio Ruiz","Benjamin Zeno"
"2021-07-01","EVD","8","Dirt","Point of Victory"," 8 ","8","2-1","Kevin Smith","Merlin Marechal"
"2021-07-01","EVD","8","Dirt","Little Wild Rose"," 9 ","9","20-1","Mario Trujillo","Brent Fontenot"
"2021-07-01","EVD","8","Dirt","Lumberjack Empire","10 ","10","20-1","Antonio Quiles","Alvin Romero"
"2021-07-01","GP","1","Dirt","Poetic Code"," 1 ","1","8-1","Leonel Reyes","Antonio Sano"
"2021-07-01","GP","1","Dirt","Fishing for Fun"," 2 ","2","7-2","Miguel Vasquez","Ronald Spatz"
"2021-07-01","GP","1","Dirt","Bourbon Over Ice"," 3 ","3","12-1","Luca Panici","Kathleen O'Connell"
"2021-07-01","GP","1","Dirt","Lucago"," 4 ","4","6-1","Edgard Zayas","Antonio Sano"
"2021-07-01","GP","1","Dirt","Whiskeyonhislips"," 5 ","5","7-5","Cristian Torres","Carlos David"
"2021-07-01","GP","1","Dirt","Agent Cooper"," 6 ","6","15-1","Romero Maragh","Timothy Hamm"
"2021-07-01","GP","1","Dirt","Adventure Seeker"," 7 ","7","9-2","Emisael Jaramillo","Kathleen O'Connell"
"2021-07-01","GP","1","Dirt","Magical Warrior"," 8 ","8","20-1","Jonathan Gonzales","Gary Jackson"
"2021-07-01","GP","2","Turf","Fear the Deer"," 1 ","1","12-1","Luca Panici","Lilli Kurtinecz"
"2021-07-01","GP","2","Turf","Resident"," 2 ","2","7-5","Chantal Sutherland","Peter Walder"
"2021-07-01","GP","2","Turf","Mayor Remo"," 3 ","3","5-1","Hector Berrios","Mauricio Fuentes"
"2021-07-01","GP","2","Turf","Uncle Armando"," 4 ","4","15-1","Jose Morelos","Hernan Parra"
"2021-07-01","GP","2","Turf","Mista Donzella"," 5 ","5","6-1","Edwin Gonzalez","Larry Bates"
"2021-07-01","GP","2","Turf","Robintakincharge"," 6 ","6","5-2","Romero Maragh","Susan Ditter"
"2021-07-01","GP","2","Turf","Joy City"," 7 ","7","2-1","Emisael Jaramillo","Ronald Spatz"
"2021-07-01","GP","2","Turf","Joe Benjamin"," 8 ","8","9-2","Carlos Lugo","Murat Sancal"
"2021-07-01","GP","3","Dirt","Lara's Lady"," 1 ","1","1-1","Edgard Zayas","Saffie Joseph, Jr."
"2021-07-01","GP","3","Dirt","Shes a Gift"," 2 ","2","8-1","Jose Morelos","Jose Pinchin"
"2021-07-01","GP","3","Dirt","My Sassenach"," 3 ","3","8-1","Miguel Vasquez","J. Braddy"
"2021-07-01","GP","3","Dirt","Baby Blue"," 4 ","4","4-1","Emisael Jaramillo","Juan Alvarado"
"2021-07-01","GP","3","Dirt","Queen Camilla"," 5 ","5","5-1","Gaddiel Martinez","Antonio Sano"
"2021-07-01","GP","3","Dirt","Bal a Bella"," 6 ","6","8-1","Romero Maragh","Roderick Rodriguez"
"2021-07-01","GP","3","Dirt","Yes I'm Spiteful"," 7 ","7","20-1","Jonathan Gonzales","Joseph Catanese, III"
"2021-07-01","GP","4","Turf","Happy Loudon"," 1 ","1","6-1","Rene Diaz","Amador Sanchez"
"2021-07-01","GP","4","Turf","Hy Dollface"," 2 ","2","10-1","Victor Lebron","Michael Lerman"
"2021-07-01","GP","4","Turf","Shes One Mad Momma"," 3 ","3","30-1","Gary Bain","Marcelo Cuito"
"2021-07-01","GP","4","Turf","Ruby Lee"," 4 ","4","12-1","Luca Panici","Walter Woodard"
"2021-07-01","GP","4","Turf","Henni Penny"," 5 ","5","4-1","Miguel Vasquez","Daniel Hurtak"
"2021-07-01","GP","4","Turf","Beauty Queen"," 6 ","6","3-1","Angel Arroyo","Carlos David"
"2021-07-01","GP","4","Turf","Follow Me Mom"," 7 ","7","7-2","Gaddiel Martinez","Micheal Mullings"
"2021-07-01","GP","4","Turf","Princess Carrigan"," 8 ","8","10-1","Leonel Reyes","Jena Antonucci"
"2021-07-01","GP","4","Turf","Yellen"," 9 ","9","5-1","Edwin Gonzalez","Cam Gambolati"
"2021-07-01","GP","4","Turf","Beating the Odds","10 ","10","10-1","Jesus Rios","Armando De La Cerda"
"2021-07-01","GP","5","Dirt","Jazla"," 1 ","1","5-2","Edgard Zayas","Ralph Nicks"
"2021-07-01","GP","5","Dirt","Mackenzie's Girl"," 2 ","2","8-5","Emisael Jaramillo","J. Sweezey"
"2021-07-01","GP","5","Dirt","House Wrecker"," 3 ","3","4-1","Miguel Vasquez","Teresa Pompay"
"2021-07-01","GP","5","Dirt","Frankly My Dear"," 4 ","4","7-2","Rajiv Maragh","Garry Lee"
"2021-07-01","GP","5","Dirt","Looking for Love"," 5 ","5","15-1","Romero Maragh","Lilli Kurtinecz"
"2021-07-01","GP","5","Dirt","Romantic Tale"," 6 ","6","12-1","Luca Panici","Anna Varsi"
"2021-07-01","GP","6","Turf","Little Bit Good"," 1 ","1","5-1","Edwin Gonzalez","Ronald Spatz"
"2021-07-01","GP","6","Turf","Princess Betty"," 2 ","2","9-5","Miguel Vasquez","Ruben Gracida"
"2021-07-01","GP","6","Turf","Money Factor"," 3 ","3","9-2","Jonathan Gonzales","Joseph Catanese, III"
"2021-07-01","GP","6","Turf","Waiting for a Star"," 4 ","4","8-1","Romero Maragh","Steve Klesaris"
"2021-07-01","GP","6","Turf","Something Magical"," 5 ","5","8-1","Chantal Sutherland","Jennifer Young"
"2021-07-01","GP","6","Turf","Wonder Blondy"," 6 ","6","5-2","Edgard Zayas","Juan Rodriguez"
"2021-07-01","GP","6","Turf","Twirling Star"," 7 ","7","15-1","Cristian Torres","Sharon Boland"
"2021-07-01","GP","6","Turf","Isadorable Aida"," 8 ","8","2-1","Miguel Vasquez","Carlos David"
"2021-07-01","GP","7","Dirt","Miss Mikaela"," 1 ","1","5-2","Leonel Reyes","Antonio Sano"
"2021-07-01","GP","7","Dirt","Perfect Kimberly S"," 2 ","2","12-1","Luca Panici","Steven Dwoskin"
"2021-07-01","GP","7","Dirt","Miss Italy"," 3 ","3","4-1","Miguel Vasquez","Antonio Sano"
"2021-07-01","GP","7","Dirt","Sheza Happy Girl"," 4 ","4","8-1","Victor Lebron","Amzadali Jehaludi"
"2021-07-01","GP","7","Dirt","Siren's Lucky Song"," 5 ","5","8-5","Edgard Zayas","Bobby Dibona"
"2021-07-01","GP","7","Dirt","Silver Package"," 6 ","6","9-2","Emisael Jaramillo","Ralph Nicks"
"2021-07-01","GP","8","Turf","Fabiola Princess"," 1 ","1","20-1","Hector Berrios","Antonio Sano"
"2021-07-01","GP","8","Turf","Julie Bird (IRE)"," 2 ","2","3-1","Edgard Zayas","Antonio Sano"
"2021-07-01","GP","8","Turf","Driving Wind"," 3 ","3","2-1","Emisael Jaramillo","Jose Pinchin"
"2021-07-01","GP","8","Turf","My Beauty Princess"," 4 ","4","4-1","Romero Maragh","Amador Sanchez"
"2021-07-01","GP","8","Turf","Luckytohavemyvicki"," 5 ","5","5-2","Jose Morelos","Michael Yates"
"2021-07-01","GP","8","Turf","Flat Out Cool"," 6 ","6","15-1","Edgar Prado","Henry Collazo"
"2021-07-01","GP","8","Turf","Senorita Salsa"," 7 ","7","30-1","Jonathan Gonzales","Tamara Levy"
"2021-07-01","GP","8","Turf","Competitive Star"," 8 ","8","20-1","Miguel Vasquez","Teresa Pompay"
"2021-07-01","HOU","1","Dirt","WMA BIG BABY","1  ","1","15-1","Ali Rivera","Rita Deleon"
"2021-07-01","HOU","1","Dirt","SVR JUANA GO","1A ","3","15-1","Francisco Mendez","Rita Deleon"
"2021-07-01","HOU","1","Dirt","RB RICH RATH","2  ","9","2-1","Ricardo Garza-Cruz","Rhonda Tuley"
"2021-07-01","HOU","1","Dirt","LAPCOS LA VIMA","2B ","11","2-1","Jesus Menchaca-Coronado","Rhonda Tuley"
"2021-07-01","HOU","1","Dirt","RB BLAIR HOPE","3  ","2","4-1","Luis Vivanco","Cesar Govea"
"2021-07-01","HOU","1","Dirt","WMA ORCA"," 4 ","4","15-1","Melody Brooks","Andre Brooks"
"2021-07-01","HOU","1","Dirt","OUAFFARS WINGS"," 5 ","5","12-1","Eliazar Vera","Renee Lafleur-Diaz"
"2021-07-01","HOU","1","Dirt","DANCE WITH ME MHF"," 6 ","6","10-1","Julio Rodriguez","Rachelle Russell"
"2021-07-01","HOU","1","Dirt","QMR KAMMY ZELL"," 7 ","7","5-1","John Jude","Renee Lafleur-Diaz"
"2021-07-01","HOU","1","Dirt","PSC MADISON"," 8 ","8","6-1","Victor Urieta, Jr.","Cesar Govea"
"2021-07-01","HOU","1","Dirt","UPTOWN FANCY PANTS","9  ","10","8-1","Francisco Giles","Rachelle Russell"
"2021-07-01","HOU","2","Dirt","Ttt Kellys Walker"," 1 ","1","10-1","Cecil Barrett","Ronald Sayre"
"2021-07-01","HOU","2","Dirt","Jess Killistos"," 2 ","2","10-1","Manuel Lara","Jacobo Mejia"
"2021-07-01","HOU","2","Dirt","Empire Man"," 3 ","3","2-1","Oscar Cordova","Jason Driver"
"2021-07-01","HOU","2","Dirt","Jw Justintime"," 4 ","4","12-1","Julio Rodriguez","Roberto Madrigal"
"2021-07-01","HOU","2","Dirt","Dashinthruatrain"," 5 ","5","8-1","Ricardo Garza-Cruz","Al Watson"
"2021-07-01","HOU","2","Dirt","Santa Juana Power"," 6 ","6","6-1","Luis Vivanco","Jose Carrizales"
"2021-07-01","HOU","2","Dirt","Pride of the Cavalry"," 7 ","7","5-1","Claudio Aguilar","Kie Mushinski"
"2021-07-01","HOU","2","Dirt","Hotseat"," 8 ","8","4-1","Victor Urieta, Jr.","Fernando Velazquez"
"2021-07-01","HOU","3","Dirt","I Am Golden Boy"," 1 ","1","7-2","Froylan Ramirez","Brittany Tellez"
"2021-07-01","HOU","3","Dirt","Dr Serendipity"," 2 ","2","5-2","Juan Garcia","Jose Carrizales"
"2021-07-01","HOU","3","Dirt","Im Here to Party"," 3 ","3","12-1","Francisco Giles","Kie Mushinski"
"2021-07-01","HOU","3","Dirt","My Moment of Faith"," 4 ","4","6-1","Jose Vega","Esteban Rubio"
"2021-07-01","HOU","3","Dirt","Famous Cocktail"," 5 ","5","9-2","Claudio Aguilar","Abel Morin"
"2021-07-01","HOU","3","Dirt","Bode Dash"," 6 ","6","10-1","Arturo Carrillo","James Gerhards"
"2021-07-01","HOU","3","Dirt","Jr Fist Full Ofmoney"," 7 ","7","8-1","J. Ramirez","Saul Ramirez, Jr."
"2021-07-01","HOU","3","Dirt","Dancing With Sixes"," 8 ","8","15-1","Pedro Espinosa","Patrick Clemons"
"2021-07-01","HOU","3","Dirt","Whiplash McDash"," 9 ","9","10-1","Heriberto Aguilar-Orozco","Richard Washington"
"2021-07-01","HOU","4","Dirt","Movin D Bucks"," 1 ","1","10-1","Noe Villatoro","Joe Chapa"
"2021-07-01","HOU","4","Dirt","High N Classy"," 2 ","2","10-1","Froylan Ramirez","Elida Bustamante"
"2021-07-01","HOU","4","Dirt","Last Man Standin"," 3 ","3","5-1","Victor Urieta, Jr.","Alonso Neri"
"2021-07-01","HOU","4","Dirt","Blondies Leaving You"," 4 ","4","2-1","H. Hernandez","Noe Sanchez"
"2021-07-01","HOU","4","Dirt","Mr Jens Perry"," 5 ","5","8-1","Luis Vivanco","Patrick Clemons"
"2021-07-01","HOU","4","Dirt","Tee Isabelle"," 6 ","6","4-1","Ali Rivera","Enrique Alvarado"
"2021-07-01","HOU","4","Dirt","I Am All Fancy"," 7 ","7","10-1","Claudio Aguilar","Juan Diaz, Jr."
"2021-07-01","HOU","4","Dirt","Chico Loco"," 8 ","8","6-1","Pedro Espinosa","Jose Espinoza"
"2021-07-01","HOU","5","Dirt","Dm Lethal Affair"," 1 ","1","6-1","Luis Vivanco","Kie Mushinski"
"2021-07-01","HOU","5","Dirt","Easter Fools"," 2 ","2","10-1","Eliazar Vera","Jose Uriegas, Jr."
"2021-07-01","HOU","5","Dirt","Late Nite Train"," 3 ","3","20-1","Pedro Espinosa","J. Plunkett"
"2021-07-01","HOU","5","Dirt","Lethal Winner"," 4 ","4","7-2","Noe Villatoro","Adan Guzman"
"2021-07-01","HOU","5","Dirt","Pool Zone"," 5 ","5","5-2","H. Hernandez","Noe Sanchez"
"2021-07-01","HOU","5","Dirt","Cr El Gallero"," 6 ","6","8-1","Claudio Aguilar","Abel Morin"
"2021-07-01","HOU","5","Dirt","Shake On Down"," 7 ","7","9-2","Jerry Yoakum","Lewis R. Jordan"
"2021-07-01","HOU","5","Dirt","Cartels Value"," 8 ","8","15-1","Jose Martinez","Isidro Hinojosa"
"2021-07-01","HOU","5","Dirt","Fast Prize Missy"," 9 ","9","12-1","Francisco Mendez","Gilbert Aguirre, III"
"2021-07-01","HOU","5","Dirt","Ag Meraki","10 ","10","20-1","Jose Olivo","Janessa Muniz"
"2021-07-01","HOU","6","Dirt","Blues Wagon"," 1 ","1","15-1","Jerry Yoakum","Pilar Deleon"
"2021-07-01","HOU","6","Dirt","Lota Hot Hot Fire"," 2 ","2","20-1","Jacobo Aguilar","Don Poteet"
"2021-07-01","HOU","6","Dirt","Sr Sweet N Easy"," 3 ","3","9-2","Noe Villatoro","Abel Morin"
"2021-07-01","HOU","6","Dirt","Zoomin to the Front"," 4 ","4","20-1","Roman Huerta","Ruben Chavez"
"2021-07-01","HOU","6","Dirt","Truly Valiant"," 5 ","5","8-1","Rodolfo Fierro","Salvador Flores"
"2021-07-01","HOU","6","Dirt","Im Giorgina"," 6 ","6","6-1","Ali Rivera","Esteban Rubio"
"2021-07-01","HOU","6","Dirt","Blue Amour"," 7 ","7","12-1","Sergio Fuentes","Joe Chapa"
"2021-07-01","HOU","6","Dirt","Cali Express Train"," 8 ","8","7-2","H. Hernandez","Noe Sanchez"
"2021-07-01","HOU","6","Dirt","Jrs Fantasys Alibi"," 9 ","9","10-1","Jose Vega","Adan Guzman"
"2021-07-01","HOU","6","Dirt","Alluring Perry","10 ","10","5-2","Alejandro Zuniga","Jacobo Mejia"
"2021-07-01","HOU","7","Dirt","Surviving Dash"," 1 ","1","15-1","Gaspar Garcia","Jose Garcia"
"2021-07-01","HOU","7","Dirt","Inseperably"," 2 ","2","9-2","Pedro Espinosa","Leon Bard"
"2021-07-01","HOU","7","Dirt","Mp Jessa Specialstar"," 3 ","3","7-2","Jerry Yoakum","Dustin Rhodes"
"2021-07-01","HOU","7","Dirt","Vampirina"," 4 ","4","5-2","Claudio Aguilar","Brian Stroud"
"2021-07-01","HOU","7","Dirt","Shining Fire"," 5 ","5","6-1","Francisco Mendez","Justin Powell"
"2021-07-01","HOU","7","Dirt","Magaby"," 6 ","6","8-1","Rodolfo Fierro","Jose Lopez"
"2021-07-01","HOU","7","Dirt","Shes a Duponte Chick"," 7 ","7","20-1","Rolando Cabrera","Ruben Chavez"
"2021-07-01","HOU","7","Dirt","Bp Queen Wagon"," 8 ","8","12-1","Juan Garcia","Jose Carrizales"
"2021-07-01","HOU","7","Dirt","Dixie Moon Jagger"," 9 ","9","10-1","Jose Vega","Isidro Hinojosa"
"2021-07-01","HOU","7","Dirt","Fast Candy","10 ","10","20-1","Luis Vivanco","Toby Keeton"
"2021-07-01","HOU","8","Dirt","Heza Special Man"," 1 ","1","15-1","Eliazar Vera","Fernando Velazquez"
"2021-07-01","HOU","8","Dirt","Moonin Ethics"," 2 ","2","12-1","Manuel Lara","Luis Nino"
"2021-07-01","HOU","8","Dirt","Tessio"," 3 ","3","8-1","Rolando Cabrera","Ruben Chavez"
"2021-07-01","HOU","8","Dirt","Wickedly Corona"," 4 ","4","10-1","Juan Garcia","Jose Carrizales"
"2021-07-01","HOU","8","Dirt","Zef Garcia Seis"," 5 ","5","5-2","Claudio Aguilar","Arturo Garcia"
"2021-07-01","HOU","8","Dirt","Awready Gone"," 6 ","6","9-2","Jerry Yoakum","Dustin Rhodes"
"2021-07-01","HOU","8","Dirt","Jessie Can Get There"," 7 ","7","20-1","Francisco Giles","Chris Benavides, Jr."
"2021-07-01","HOU","8","Dirt","Quick to Party"," 8 ","8","20-1","Francisco Mendez","Francisco Perez, Jr."
"2021-07-01","HOU","8","Dirt","Captain Valor"," 9 ","9","6-1","J. Ramirez","James Gerhards"
"2021-07-01","HOU","8","Dirt","Gianni Provocas","10 ","10","7-2","Jose Vega","Joel Cantu"
"2021-07-01","HOU","9","Dirt","One Guy"," 1 ","1","20-1","Jose Martinez","Isidro Hinojosa"
"2021-07-01","HOU","9","Dirt","Biden Record"," 2 ","2","2-1","Cipriano Vidana","Fidencio Maldonado"
"2021-07-01","HOU","9","Dirt","Runs Like a Tesla"," 3 ","3","20-1","Lucas Constantin","Luis Garcia"
"2021-07-01","HOU","9","Dirt","Shes Tough"," 4 ","4","4-1","Jorge Garcia","James Padgett, II"
"2021-07-01","HOU","9","Dirt","Chickies Favorite"," 5 ","5","12-1","Pedro Espinosa","Leon Bard"
"2021-07-01","HOU","9","Dirt","Jb Shiner Bok"," 6 ","6","8-1","Francisco Giles","John Boegner"
"2021-07-01","HOU","9","Dirt","Callmetank"," 7 ","7","6-1","Jose Vega","Toby Keeton"
"2021-07-01","HOU","9","Dirt","Five Bar Lady"," 8 ","8","15-1","Noe Villatoro","J. Plunkett"
"2021-07-01","HOU","9","Dirt","Jess Cheetah"," 9 ","9","5-1","Gaspar Garcia","Jose Garcia"
"2021-07-01","HOU","9","Dirt","Hot Pepper Moon","10 ","10","10-1","Carlos Guillen Chacon","Brian Stroud"
"2021-07-01","HOU","10","Dirt","Keep Own Keepn Own"," 1 ","1","6-1","J. Ramirez","Alex Villarreal"
"2021-07-01","HOU","10","Dirt","Em El Carretonero"," 2 ","2","5-2","Rodolfo Fierro","Roberto Madrigal"
"2021-07-01","HOU","10","Dirt","Fast Jumpn Piloto"," 3 ","3","20-1","Jacobo Aguilar","Don Poteet"
"2021-07-01","HOU","10","Dirt","Hard Work"," 4 ","4","10-1","Jose Martinez","John Stinebaugh"
"2021-07-01","HOU","10","Dirt","Jj Krash"," 5 ","5","9-2","Ricardo Garza-Cruz","Kristian Galindo"
"2021-07-01","HOU","10","Dirt","Jess a Jessabelle"," 6 ","6","12-1","Noe Villatoro","James Padgett, II"
"2021-07-01","HOU","10","Dirt","Jess Another Lips V"," 7 ","7","20-1","Raul Hernandez, Jr.","Jacob Renteria"
"2021-07-01","HOU","10","Dirt","Drinks After Work"," 8 ","8","7-2","Claudio Aguilar","Kie Mushinski"
"2021-07-01","HOU","10","Dirt","Oldtimehero"," 9 ","9","8-1","Jose Vega","Toby Keeton"
"2021-07-01","HOU","10","Dirt","Shesa Ms Perry","10 ","10","15-1","Francisco Mendez","Justin Powell"
"2021-07-01","IND","1","Dirt","Loona Luv"," 1 ","1","3-5","Joseph Ramos","Kim Hammond"
"2021-07-01","IND","1","Dirt","Girlysgotthelooks"," 2 ","2","12-1","Joshua Morales","Paul Holthus"
"2021-07-01","IND","1","Dirt","Yesterdays Kisses"," 3 ","3","6-1","Samuel Bermudez","Kim Hammond"
"2021-07-01","IND","1","Dirt","Porketta"," 4 ","4","9-2","Eduardo Perez","Antonio Duran"
"2021-07-01","IND","1","Dirt","Found My Man"," 5 ","5","8-1","Edgar Morales","Michael Lauer"
"2021-07-01","IND","1","Dirt","Tiz Abby"," 6 ","6","10-1","Jose Riquelme","Barbara McBride"
"2021-07-01","IND","2","Dirt","Rose Marie B"," 1 ","1","7-5","Orlando Mojica","Kim Hammond"
"2021-07-01","IND","2","Dirt","Plexus"," 2 ","2","15-1","Jose Riquelme","Marvin Johnson"
"2021-07-01","IND","2","Dirt","Oxbowindy"," 3 ","3","30-1","Joshua Morales","James Egbert"
"2021-07-01","IND","2","Dirt","Jump Right In"," 4 ","4","6-5","Marcelino Pedroza","Jeffrey Greenhill"
"2021-07-01","IND","2","Dirt","Miss Helen Back"," 5 ","5","9-2","Eduardo Perez","Jonathan Nance"
"2021-07-01","IND","2","Dirt","Spring Wager"," 6 ","6","10-1","Santo Sanjur","Robert Dobbs, Jr."
"2021-07-01","IND","3","Dirt","Mr. Biffle"," 1 ","1","10-1","Jose Riquelme","Bobby Barnett"
"2021-07-01","IND","3","Dirt","Tree Geniuses"," 2 ","2","30-1","Joseph Ramos","Erin Thompson"
"2021-07-01","IND","3","Dirt","Fiftyfive Strong"," 3 ","3","6-5","Thomas Pompell","Randy Klopp"
"2021-07-01","IND","3","Dirt","Ferryboat"," 4 ","4","6-1","Jose Batista","Thomas Amoss"
"2021-07-01","IND","3","Dirt","Abuelo Nuno"," 5 ","5","5-1","Jermaine Bridgmohan","Anthony Granitz"
"2021-07-01","IND","3","Dirt","Orphan Hallie"," 6 ","6","7-2","Orlando Mojica","Israel Garcia"
"2021-07-01","IND","3","Dirt","Breakers Roar"," 7 ","7","6-1","Marcelino Pedroza","Justin Wojczynski"
"2021-07-01","IND","4","Dirt","Touch of Blessing"," 1 ","1","15-1","Samuel Bermudez","Jay Holden"
"2021-07-01","IND","4","Dirt","Lassie Linda"," 2 ","2","7-5","Jeison Gotay","Israel Garcia"
"2021-07-01","IND","4","Dirt","Ocelia"," 3 ","3","7-2","Eduardo Perez","John Haran"
"2021-07-01","IND","4","Dirt","Wiladene"," 4 ","4","9-2","Rodney Prescott","Robert Dobbs, Jr."
"2021-07-01","IND","4","Dirt","Miss Inhofe"," 5 ","5","3-1","Deshawn Parker","Tim Glyshaw"
"2021-07-01","IND","4","Dirt","Drakaina"," 6 ","6","8-1","Alex Achard","Karyn Wittek"
"2021-07-01","IND","5","Dirt","He's No Bull"," 1 ","1","5-2","Sonny Leon","Robert Cline"
"2021-07-01","IND","5","Dirt","Royal Commission"," 2 ","2","2-1","Fernando De La Cruz","James DiVito"
"2021-07-01","IND","5","Dirt","Boom Five Thousand"," 3 ","3","5-1","Orlando Mojica","Tianna Richardville"
"2021-07-01","IND","5","Dirt","Pat Daddy"," 4 ","4","5-2","Hector Rosario, Jr.","Robert Cline"
"2021-07-01","IND","5","Dirt","Dilettante"," 5 ","5","8-1","Thomas Pompell","Randy Klopp"
"2021-07-01","IND","5","Dirt","A Little Irradic"," 6 ","6","20-1","Marcelino Pedroza","John Haran"
"2021-07-01","IND","6","Turf","Clearing Waivers"," 1 ","1","9-2","Eduardo Perez","Anthony Granitz"
"2021-07-01","IND","6","Turf","Topping"," 2 ","2","10-1","Marcelino Pedroza","Michael Lauer"
"2021-07-01","IND","6","Turf","Flatoutjustice"," 3 ","3","12-1","Orlando Mojica","Israel Garcia"
"2021-07-01","IND","6","Turf","S S Trooper"," 4 ","4","6-1","Joseph Ramos","Marvin Johnson"
"2021-07-01","IND","6","Turf","Major Sparks"," 5 ","5","7-2","Santo Sanjur","Anthony Granitz"
"2021-07-01","IND","6","Turf","Redskiesatnight"," 6 ","6","6-5","Fernando De La Cruz","Brad Cox"
"2021-07-01","IND","6","Turf","Here Comes Trey"," 7 ","7","12-1","Samuel Bermudez","Larry Fontenot, Jr."
"2021-07-01","IND","6","Turf","Close the Case"," 8 ","8","6-1","Deshawn Parker","Tracey Wisner"
"2021-07-01","IND","7","Dirt","Indigo Rich"," 1 ","1","10-1","Andres Ulloa","Donna Riley"
"2021-07-01","IND","7","Dirt","Just Dig It"," 2 ","2","30-1","Jose Riquelme","Marvin Johnson"
"2021-07-01","IND","7","Dirt","Starcasm"," 3 ","3","3-1","Orlando Mojica","Randy Smith"
"2021-07-01","IND","7","Dirt","Catch the Sparrow"," 4 ","4","12-1","Joshua Morales","Michael Lauer"
"2021-07-01","IND","7","Dirt","Got Lost"," 5 ","5","8-1","Thomas Pompell","Randy Klopp"
"2021-07-01","IND","7","Dirt","Overjoy"," 6 ","6","5-1","Angel Rodriguez","Antonio Duran"
"2021-07-01","IND","7","Dirt","Hickory High"," 7 ","7","5-1","Marcelino Pedroza","Michael Lauer"
"2021-07-01","IND","7","Dirt","Bluemoon Justice"," 8 ","8","8-1","Fernando De La Cruz","Raymond Paquette, III"
"2021-07-01","IND","7","Dirt","Thedevilsalgorithm"," 9 ","9","6-1","Gregory Romero","John Langemeier"
"2021-07-01","IND","7","Dirt","Blight","10 ","10","8-1","Joseph Ramos","Marvin Johnson"
"2021-07-01","IND","8","Turf","Fandancer"," 1 ","1","20-1","Jose Batista","Wayne Minnock"
"2021-07-01","IND","8","Turf","Double Dawn"," 2 ","2","6-1","Deshawn Parker","Dawn Martin"
"2021-07-01","IND","8","Turf","Lovely Trophy Girl"," 3 ","3","30-1","Jose Riquelme","Tim Glyshaw"
"2021-07-01","IND","8","Turf","Stack Shack"," 4 ","4","10-1","Joshua Morales","Anthony Granitz"
"2021-07-01","IND","8","Turf","Toleration"," 5 ","5","8-1","Luan Machado","Ethan West"
"2021-07-01","IND","8","Turf","Tootsie"," 6 ","6","12-1","Alex Achard","Paul Bachmann"
"2021-07-01","IND","8","Turf","Dolci"," 7 ","7","2-1","Sonny Leon","Eric Reed"
"2021-07-01","IND","8","Turf","Nancy Work"," 8 ","8","15-1","Marcelino Pedroza","Tim Glyshaw"
"2021-07-01","IND","8","Turf","Be Patient"," 9 ","9","12-1","Eduardo Perez","Scott Mullins"
"2021-07-01","IND","8","Turf","Union Park Gal (IRE)","10 ","10","8-1","Fernando De La Cruz","John Haran"
"2021-07-01","IND","8","Turf","Nostalgia","11 ","11","5-1","Jermaine Bridgmohan","Thomas Amoss"
"2021-07-01","IND","8","Turf","Showstomper","12 ","12","30-1","Joseph Ramos","Jonathan Nance"
"2021-07-01","IND","8","Turf","Seaward","13 ","13","8-1","Rolando Aragon","Michael Evans II"
"2021-07-01","IND","9","Dirt","Pretty Assets"," 1 ","1","6-1","Orlando Mojica","R. Patrick"
"2021-07-01","IND","9","Dirt","Fireball Baby"," 2 ","2","4-1","Marcelino Pedroza","Philip Bauer"
"2021-07-01","IND","9","Dirt","Lady McKenzie"," 3 ","3","5-2","Santo Sanjur","Genaro Garcia"
"2021-07-01","IND","9","Dirt","Stop Shoppin Tammy"," 4 ","4","6-5","Chris Landeros","Philip Bauer"
"2021-07-01","IND","9","Dirt","Ginormous"," 5 ","5","20-1","Joshua Morales","Michael Lauer"
"2021-07-01","IND","9","Dirt","Quiet Contender"," 6 ","6","8-1","Rodney Prescott","Marvin Johnson"
"2021-07-01","IND","10","Dirt","A Lota Biscuit"," 1 ","1","7-5","Jose Ruiz","Hipolito Bueno"
"2021-07-01","IND","10","Dirt","Dg Power"," 2 ","2","2-1","Edgar Diaz","Raul De La Mora"
"2021-07-01","IND","10","Dirt","Apollitical B Girl"," 3 ","3","6-1","Gustavo Laurianis","Oscar Preciado"
"2021-07-01","IND","10","Dirt","Rolin Rok"," 4 ","4","4-1","Giovani Vazquez-Gomez","Jessica Vazquez"
"2021-07-01","IND","10","Dirt","Super Man Lo"," 5 ","5","30-1","Shanley Jackson","Ron Raper"
"2021-07-01","IND","10","Dirt","Zeyda"," 6 ","6","50-1","Dex Mitchell","Jim Roysden"
"2021-07-01","IND","10","Dirt","Streakins Soldier"," 7 ","7","15-1","Jose Beltran","Karin Yike"
"2021-07-01","IND","10","Dirt","Love to Kiss"," 8 ","8","15-1","Cristian Reyes","Tim Eggleston"
"2021-07-01","TAM","1","Dirt","Alpilles"," 1 ","1","5-1","Gilberto Laiz","Mario Lorito"
"2021-07-01","TAM","1","Dirt","The Other Cat"," 2 ","2","4-1","Samy Camacho","Earl Robinson"
"2021-07-01","TAM","1","Dirt","Chief Inca"," 3 ","3","8-1","Jose Rivera, Jr.","Brian Lusk"
"2021-07-01","TAM","1","Dirt","Tale of V K"," 4 ","4","2-1","Jorge Urdaneta","Gerard Ochoa"
"2021-07-01","TAM","1","Dirt","Tee Up"," 5 ","5","5-2","Wilmer Garcia","Steven Dye"
"2021-07-01","TAM","1","Dirt","Drill's Valentine"," 6 ","6","6-1","Keiber Coa","Jose Chavez"
"2021-07-01","TAM","2","Turf","Sassy Melly"," 1 ","1","12-1","Walber Alencar","Hernan Parra"
"2021-07-01","TAM","2","Turf","Golden Roulette"," 2 ","2","20-1","Gilberto Laiz","Crystal Lanum"
"2021-07-01","TAM","2","Turf","Kittens Miss Mojo"," 3 ","3","10-1","Gary Wales","Arnoud Dobber"
"2021-07-01","TAM","2","Turf","Golda Biscuit"," 4 ","4","6-1","Keiber Coa","Robert Smith"
"2021-07-01","TAM","2","Turf","Sassy Cat"," 5 ","5","3-1","Samy Camacho","Jose Gallegos"
"2021-07-01","TAM","2","Turf","Vivi's Dream's"," 6 ","6","4-1","Jose Alonso","Carlos Munoz"
"2021-07-01","TAM","2","Turf","Commander Grace"," 7 ","7","8-1","Wilmer Garcia","Donald Hunt"
"2021-07-01","TAM","2","Turf","La Brody"," 8 ","8","15-1","Jorge Urdaneta","M. Reardon"
"2021-07-01","TAM","2","Turf","So Moxie"," 9 ","9","20-1","Walber Alencar","Brian Lusk"
"2021-07-01","TAM","2","Turf","Smoking Fox","10 ","10","15-1","Jose Alonso","Robert Bordis"
"2021-07-01","TAM","2","Turf","Five K Kitten","11 ","11","10-1","Rayan Gazader","Dan Isbell"
"2021-07-01","TAM","2","Turf","Jaent","12 ","12","20-1","Wilmer Garcia","Nancy Harris"
"2021-07-01","TAM","3","Turf","Just Like Indy"," 1 ","1","20-1","Walber Alencar","Earl Robinson"
"2021-07-01","TAM","3","Turf","Sparkling Plenty"," 2 ","2","15-1","Ajhari Williams","Karyn Philipp"
"2021-07-01","TAM","3","Turf","Unitedtorun"," 3 ","3","20-1","Jesus Rios","Pernel Bagwandeen"
"2021-07-01","TAM","3","Turf","Inpending Breeze"," 4 ","4","15-1","Gary Wales","Walter Woodard"
"2021-07-01","TAM","3","Turf","V K Legacy"," 5 ","5","6-1","Jorge Urdaneta","Gerard Ochoa"
"2021-07-01","TAM","3","Turf","Bionda Suprise"," 6 ","6","8-1","Keiber Coa","Moises Yanez"
"2021-07-01","TAM","3","Turf","What a Knockout"," 7 ","7","4-1","Samy Camacho","Dwight Puckett"
"2021-07-01","TAM","3","Turf","Lorettas Comitment"," 8 ","8","20-1","Wilmer Garcia","Donald Hunt"
"2021-07-01","TAM","3","Turf","Dontmesswithtess"," 9 ","9","8-1","Walber Alencar","Jose Gallegos"
"2021-07-01","TAM","3","Turf","Bold'n Naughty","10 ","10","20-1","Jose Rivera, Jr.","Antonio Cordero"
"2021-07-01","TAM","3","Turf","La Guatemalteca","11 ","11","20-1","Mario Fuentes","M. Reardon"
"2021-07-01","TAM","3","Turf","Sunnymede Dream","12 ","12","2-1","Samy Camacho","Tim Schuh"
"2021-07-01","TAM","4","Turf","Triplet"," 1 ","1","12-1","Jose Alonso","Cara Holtzinger"
"2021-07-01","TAM","4","Turf","Forbidden Dream"," 2 ","2","5-2","Keiber Coa","Alfredo Ronso"
"2021-07-01","TAM","4","Turf","Panotti"," 3 ","3","6-1","Jose Rivera, Jr.","Joseph Hennessy"
"2021-07-01","TAM","4","Turf","Irazu"," 4 ","4","5-1","Marcos Meneses","Angel Rodriguez"
"2021-07-01","TAM","4","Turf","You Never Call"," 5 ","5","3-1","Samy Camacho","Pernel Bagwandeen"
"2021-07-01","TAM","4","Turf","Dreaming of Audrey"," 6 ","6","6-1","Rayan Gazader","Bertram Manchan"
"2021-07-01","TAM","4","Turf","Likehail"," 7 ","7","20-1","Walber Alencar","Brian Lusk"
"2021-07-01","TAM","4","Turf","Morena Dancer"," 8 ","8","10-1","Gary Wales","Robert Smith"
"2021-07-01","TAM","4","Turf","Joya Del Sur"," 9 ","9","15-1","Marcos Meneses","Gary Skinner"
"2021-07-01","TAM","4","Turf","Shes Sky High","10 ","10","20-1","James Vail","Sean Duffy"
"2021-07-01","TAM","5","Dirt","Februarysexclusive"," 1 ","1","8-1","Mario Fuentes","Martin Paramo"
"2021-07-01","TAM","5","Dirt","Cherry Rock Bridge"," 2 ","2","5-2","Marcos Meneses","Robert Bordis"
"2021-07-01","TAM","5","Dirt","Auburn"," 3 ","3","4-1","Rayan Gazader","Pernel Bagwandeen"
"2021-07-01","TAM","5","Dirt","La Wapa"," 4 ","4","6-1","Wilmer Garcia","Carlos Munoz"
"2021-07-01","TAM","5","Dirt","Get Back Home"," 5 ","5","12-1","Jorge Urdaneta","M. Reardon"
"2021-07-01","TAM","5","Dirt","R D Blessing"," 6 ","6","10-1","Octavio Bernal","Robert Drake"
"2021-07-01","TAM","5","Dirt","Bionic Bottle"," 7 ","7","2-1","Samy Camacho","Robert Smith"
"2021-07-01","TAM","6","Turf","The Wild Flyer"," 1 ","1","8-1","Jorge Urdaneta","Gerard Ochoa"
"2021-07-01","TAM","6","Turf","My Computer"," 2 ","2","20-1","James Vail","Javier Negrete"
"2021-07-01","TAM","6","Turf","Zalfierro"," 3 ","3","20-1","Walber Alencar","Brian Lusk"
"2021-07-01","TAM","6","Turf","The Equinest"," 4 ","4","15-1","Jose Alonso","Javier Negrete"
"2021-07-01","TAM","6","Turf","Beach Bandit"," 5 ","5","8-1","Wilmer Garcia","Mario Lorito"
"2021-07-01","TAM","6","Turf","Poseidons Myth"," 6 ","6","2-1","Samy Camacho","Max Ubide"
"2021-07-01","TAM","6","Turf","Commander Keith"," 7 ","7","30-1","Mario Fuentes","Brian Lusk"
"2021-07-01","TAM","6","Turf","Prince Hawk"," 8 ","8","6-1","Keiber Coa","Alfredo Ronso"
"2021-07-01","TAM","6","Turf","Bring It Back"," 9 ","9","20-1","Rayan Gazader","Dan Isbell"
"2021-07-01","TAM","6","Turf","Osaba","10 ","10","20-1","Jose Rivera, Jr.","Antonio Cordero"
"2021-07-01","TAM","6","Turf","Monitor Mills","11 ","11","4-1","Wilmer Garcia","Jose Chavez"
"2021-07-01","TAM","6","Turf","El Romantico","12 ","12","15-1","Mario Fuentes","Crystal Lanum"
"2021-07-01","TAM","7","Dirt","Unusualgift"," 1 ","1","8-1","Samy Camacho","Heather Harney"
"2021-07-01","TAM","7","Dirt","Reyna de Verano"," 2 ","2","10-1","Marcos Meneses","Gary Skinner"
"2021-07-01","TAM","7","Dirt","Miss Utopia"," 3 ","3","15-1","Gary Wales","Arnoud Dobber"
"2021-07-01","TAM","7","Dirt","Gabby'sgoldenvoice"," 4 ","4","3-1","Mario Fuentes","Crystal Lanum"
"2021-07-01","TAM","7","Dirt","Deesse"," 5 ","5","12-1","Lucky Mbatha","Margaret Wetherington"
"2021-07-01","TAM","7","Dirt","Paloma Mia"," 6 ","6","5-1","Wilmer Garcia","Nancy Harris"
"2021-07-01","TAM","7","Dirt","Mericathebeautiful"," 7 ","7","2-1","Robert Reeves, Jr.","David Fisher"
"2021-07-01","TAM","7","Dirt","Senorita Aurora"," 8 ","8","6-1","David Boraco","Crystal Lanum"
"2021-07-01","TAM","8","Turf","Lady Noy"," 1 ","1","10-1","Mario Fuentes","Hernan Parra"
"2021-07-01","TAM","8","Turf","Belle's Cachet"," 2 ","2","12-1","Keiber Coa","Moises Yanez"
"2021-07-01","TAM","8","Turf","Jada's Kingdom"," 3 ","3","3-1","Samy Camacho","Earl Robinson"
"2021-07-01","TAM","8","Turf","Speedy Fire"," 4 ","4","8-1","Walber Alencar","Nancy Harris"
"2021-07-01","TAM","8","Turf","Pink Posse"," 5 ","5","2-1","Marcos Meneses","Georgina Baxter"
"2021-07-01","TAM","8","Turf","Lovielee"," 6 ","6","5-1","Wilmer Garcia","Herbert Miller"
"2021-07-01","TAM","8","Turf","Bahamian Moon"," 7 ","7","6-1","Ajhari Williams","Dennis Ward"
"2021-07-01","TAM","8","Turf","D Flat White"," 8 ","8","8-1","Gary Wales","Arnoud Dobber"
"2021-07-01","TAM","9","Turf","Byron's Gold"," 1 ","1","20-1","Rayan Gazader","Bertram Manchan"
"2021-07-01","TAM","9","Turf","Lover Rodolfo"," 2 ","2","20-1","James Vail","Janet Del Castillo"
"2021-07-01","TAM","9","Turf","Swill Merchant"," 3 ","3","3-1","Keiber Coa","Robert Smith"
"2021-07-01","TAM","9","Turf","Spring Landscape"," 4 ","4","20-1","Jose Rivera, Jr.","Patty Burns"
"2021-07-01","TAM","9","Turf","Appeal to Respond"," 5 ","5","10-1","Jose Alonso","Steven Dye"
"2021-07-01","TAM","9","Turf","Timberfell"," 6 ","6","10-1","Wilmer Garcia","Sharon Boland"
"2021-07-01","TAM","9","Turf","Slambone"," 7 ","7","8-1","Samy Camacho","Brian Lusk"
"2021-07-01","TAM","9","Turf","Mish"," 8 ","8","12-1","Gilberto Laiz","Crystal Lanum"
"2021-07-01","TAM","9","Turf","Small John"," 9 ","9","15-1","Jorge Urdaneta","Gerard Ochoa"
"2021-07-01","TAM","9","Turf","Cape Hedge","10 ","10","4-1","Samy Camacho","Chad Stewart"
"2021-07-01","TAM","9","Turf","Nantucketer","11 ","11","6-1","Wilmer Garcia","Herbert Miller"
"2021-07-01","TAM","9","Turf","Commission","12 ","12","15-1","David Boraco","Crystal Lanum"
"2021-07-01","TDN","1","Dirt","Out for Fun","1  ","3","6-1","Yarmarie Correa","Robert Gorham"
"2021-07-01","TDN","1","Dirt","Birdie's Chantz","1A ","5","6-1","Christian Pilares","Robert Gorham"
"2021-07-01","TDN","1","Dirt","Wolfie's Princess","2  ","1","3-1","Malcolm Franklin","Michael Rone"
"2021-07-01","TDN","1","Dirt","Thirdstringdreamer","3  ","2","10-1","Edgar Paucar","Jeffrey Radosevich"
"2021-07-01","TDN","1","Dirt","Pacific Coast"," 4 ","4","5-2","Ronald Allen, Jr.","Timothy Hamm"
"2021-07-01","TDN","1","Dirt","Bossy Lady","5  ","6","4-1","Luis Rivera","Jeffrey Radosevich"
"2021-07-01","TDN","1","Dirt","Beautiful Victoria","6  ","7","5-1","Erik Barbaran","Johanna Urieta"
"2021-07-01","TDN","1","Dirt","Busybeing Fabulous","7  ","8","8-1","Jose Bracho","Gary Johnson"
"2021-07-01","TDN","2","Dirt","Peach Bellini"," 1 ","1","3-1","Angel Stanley","Stephani Norris"
"2021-07-01","TDN","2","Dirt","Souper Capacity"," 2 ","2","5-2","Alexander Chavez","Edwin Vizcarrondo"
"2021-07-01","TDN","2","Dirt","Cins Boss"," 3 ","3","6-1","Jan Baez","Richard Zielinski"
"2021-07-01","TDN","2","Dirt","Millie"," 4 ","4","4-1","Juan Velez","Valerie Shanyfelt"
"2021-07-01","TDN","2","Dirt","Skirts Kid"," 5 ","5","8-1","Joam Toledo","Richard Rettele"
"2021-07-01","TDN","2","Dirt","War Cat"," 6 ","6","7-2","Alvaro Hernandez-Lopez","Richard Rettele"
"2021-07-01","TDN","3","Dirt","All About Opal"," 1 ","1","8-1","Alexander Chavez","Amy Sondej"
"2021-07-01","TDN","3","Dirt","Lemon Slush"," 2 ","2","7-2","Angel Serpa","Richard Zielinski"
"2021-07-01","TDN","3","Dirt","J J's Fancy"," 3 ","3","10-1","Diogdinabi Smith","John Horrigan"
"2021-07-01","TDN","3","Dirt","Chardon"," 4 ","4","6-1","Jan Baez","Jake Radosevich"
"2021-07-01","TDN","3","Dirt","Hoos Taking Charge"," 5 ","5","4-1","Juan Velez","Valerie Shanyfelt"
"2021-07-01","TDN","3","Dirt","Kitten'stinkinrich"," 6 ","6","9-2","Chelsey Keiser","Ivan Vazquez"
"2021-07-01","TDN","3","Dirt","Augmenting Assets"," 7 ","7","5-2","Luis Rivera","Jeffrey Radosevich"
"2021-07-01","TDN","4","Dirt","Foreign"," 1 ","1","7-2","Luis Rivera","Lorenzo Juarez"
"2021-07-01","TDN","4","Dirt","Foreverjumbonmike"," 2 ","2","3-1","Brandon Tapara","John Brown"
"2021-07-01","TDN","4","Dirt","Piper Deserved It"," 3 ","3","8-1","Diogdinabi Smith","Ivan Vazquez"
"2021-07-01","TDN","4","Dirt","Accurate"," 4 ","4","5-2","Chelsey Keiser","Ivan Vazquez"
"2021-07-01","TDN","4","Dirt","Dynamite Cloud"," 5 ","5","9-2","Joam Toledo","Rodney Faulkner"
"2021-07-01","TDN","4","Dirt","Count Brian"," 6 ","6","6-1","Alexander Chavez","Donald Radcliff, Jr."
"2021-07-01","TDN","5","Dirt","Queen Air"," 1 ","1","6-1","Christian Pilares","Robert Gorham"
"2021-07-01","TDN","5","Dirt","Lexy Anna"," 2 ","2","5-1","Yarmarie Correa","Lori Yoder"
"2021-07-01","TDN","5","Dirt","Ledgendary Kitten"," 3 ","3","3-1","Luis Gonzalez","Craig Sweeting"
"2021-07-01","TDN","5","Dirt","Inspiring Lily"," 4 ","4","4-1","Malcolm Franklin","William Cowans"
"2021-07-01","TDN","5","Dirt","Wherethere'ssmoke"," 5 ","5","12-1","Samuel Jimenez","Rachael Maddox"
"2021-07-01","TDN","5","Dirt","Aunt Bee"," 6 ","6","5-2","Hector Berrios","Larry Smith"
"2021-07-01","TDN","5","Dirt","Wafflesorpancakes"," 7 ","7","8-1","Alexander Chavez","James McDonald"
"2021-07-01","TDN","6","Dirt","Cant Lollygag"," 1 ","1","10-1","Alvaro Hernandez-Lopez","Richard Rettele"
"2021-07-01","TDN","6","Dirt","Skytown Cat"," 2 ","2","5-1","Yarmarie Correa","Tina Casalinova"
"2021-07-01","TDN","6","Dirt","Tancahua"," 3 ","3","7-2","Ronald Allen, Jr.","Richard Zielinski"
"2021-07-01","TDN","6","Dirt","Tapaway"," 4 ","4","6-1","Ricardo Mejias","Anthony Rini"
"2021-07-01","TDN","6","Dirt","Judge Head"," 5 ","5","8-1","Luis Rivera","Joshua Faulkner"
"2021-07-01","TDN","6","Dirt","Tapshot"," 6 ","6","3-1","Angel Stanley","Nabu Morales"
"2021-07-01","TDN","6","Dirt","Joes a Rockin"," 7 ","7","5-2","David Haldar","Carlos Inirio"
"2021-07-01","TDN","7","Dirt","Skipshot Lilly"," 1 ","1","12-1","Juan Velez","Joshua Faulkner"
"2021-07-01","TDN","7","Dirt","Front Circle"," 2 ","2","10-1","Ronald Allen, Jr.","Donald Bookman"
"2021-07-01","TDN","7","Dirt","Costume Jewelry"," 3 ","3","8-1","Brandon Tapara","Carlos Inirio"
"2021-07-01","TDN","7","Dirt","Iamgoingtoshine"," 4 ","4","4-1","Erik Barbaran","James McDonald"
"2021-07-01","TDN","7","Dirt","Pricey Appeal"," 5 ","5","5-1","Chelsey Keiser","Richard Zielinski"
"2021-07-01","TDN","7","Dirt","Can I Go Too"," 6 ","6","6-1","Luis Rivera","Robert Gorham"
"2021-07-01","TDN","7","Dirt","Shez Shacked Up"," 7 ","7","3-1","David Haldar","Jeffrey Skerrett"
"2021-07-01","TDN","7","Dirt","Out My Dear"," 8 ","8","7-2","Alexander Chavez","Silvano Gonzalez"
"2021-07-01","TDN","8","Dirt","Jail House Code"," 1 ","1","7-2","Hector Berrios","Megan Fadlovich"
"2021-07-01","TDN","8","Dirt","Blue Sage"," 2 ","2","3-1","Jose Bracho","Jeffrey Skerrett"
"2021-07-01","TDN","8","Dirt","Little Empire"," 3 ","3","4-1","Edgar Paucar","Megan Reust"
"2021-07-01","TDN","8","Dirt","Dr Kaak"," 4 ","4","5-2","Ronald Allen, Jr.","Maria Bowersock"
"2021-07-01","TDN","8","Dirt","Precision Prado"," 5 ","5","6-1","Malcolm Franklin","Joseph Poole"
"2021-07-01","TDN","8","Dirt","Welloiledcat"," 6 ","6","5-1","Fernando Salazar Becerra","Tina Casalinova"
